/*
Navicat MySQL Data Transfer

Source Server         : local
Source Server Version : 50540
Source Host           : localhost:3306
Source Database       : tap_titan_game

Target Server Type    : MYSQL
Target Server Version : 50699
File Encoding         : 65001

Date: 2015-05-04 17:49:52
*/

SET FOREIGN_KEY_CHECKS=0;

-- ----------------------------
-- Table structure for table_buffs
-- ----------------------------
DROP TABLE IF EXISTS `table_buffs`;
CREATE TABLE `table_buffs` (
`bufftype`  int(4) NULL DEFAULT NULL ,
`caltype`  int(2) NULL DEFAULT NULL ,
`discount`  int(3) NULL DEFAULT NULL ,
`levelmodifiy`  varchar(13) CHARACTER SET utf8 COLLATE utf8_general_ci NULL DEFAULT NULL ,
`buffbasevalue`  int(4) NULL DEFAULT NULL 
)
ENGINE=InnoDB
DEFAULT CHARACTER SET=utf8 COLLATE=utf8_general_ci

;

-- ----------------------------
-- Records of table_buffs
-- ----------------------------
BEGIN;
INSERT INTO `table_buffs` VALUES ('1', '2', '30', '0.0009', '10'), ('2', '2', '30', '0.0009', '10'), ('3', '2', '30', '0.0009', '10'), ('4', '2', '30', '0.0009', '10'), ('5', '2', '30', '0.0009', '10'), ('6', '2', '30', '0.0009', '10'), ('7', '2', '30', '0.0009', '10'), ('8', '1', '30', '0.0009', '10'), ('9', '1', '30', '0.0009', '10'), ('10', '2', '30', '0.0009', '10'), ('11', '2', '100', '0.0009', '10'), ('12', '2', '100', '0.0009', '10'), ('13', '2', '100', '0.0009', '10'), ('14', '2', '100', '0.0009', '10'), ('15', '2', '100', '0.0009', '10'), ('16', '2', '100', '0.0009', '10'), ('17', '2', '100', '0.0009', '10'), ('18', '2', '100', '0.0009', '10'), ('19', '2', '100', '0.0009', '10'), ('20', '2', '100', '0.0009', '10');
COMMIT;

-- ----------------------------
-- Table structure for table_eqp_deputbuffs
-- ----------------------------
DROP TABLE IF EXISTS `table_eqp_deputbuffs`;
CREATE TABLE `table_eqp_deputbuffs` (
`bufftype`  int(7) NULL DEFAULT NULL ,
`rate`  int(7) NULL DEFAULT NULL 
)
ENGINE=InnoDB
DEFAULT CHARACTER SET=utf8 COLLATE=utf8_general_ci

;

-- ----------------------------
-- Records of table_eqp_deputbuffs
-- ----------------------------
BEGIN;
INSERT INTO `table_eqp_deputbuffs` VALUES ('1', '10'), ('2', '10'), ('3', '10'), ('4', '10'), ('5', '20'), ('6', '30'), ('7', '40'), ('8', '50');
COMMIT;

-- ----------------------------
-- Table structure for table_eqp_quality_upgrade
-- ----------------------------
DROP TABLE IF EXISTS `table_eqp_quality_upgrade`;
CREATE TABLE `table_eqp_quality_upgrade` (
`quality`  int(3) NULL DEFAULT NULL ,
`costtype`  int(3) NULL DEFAULT NULL ,
`costvalue`  int(10) NULL DEFAULT NULL 
)
ENGINE=InnoDB
DEFAULT CHARACTER SET=utf8 COLLATE=utf8_general_ci

;

-- ----------------------------
-- Records of table_eqp_quality_upgrade
-- ----------------------------
BEGIN;
INSERT INTO `table_eqp_quality_upgrade` VALUES ('1', '0', '0'), ('2', '4', '100'), ('3', '4', '100'), ('4', '4', '100');
COMMIT;

-- ----------------------------
-- Table structure for table_equiplist
-- ----------------------------
DROP TABLE IF EXISTS `table_equiplist`;
CREATE TABLE `table_equiplist` (
`droplistid`  int(4) NOT NULL ,
`noequip_pow`  int(4) NULL DEFAULT NULL ,
`equip1_id`  int(4) NULL DEFAULT NULL ,
`equip1_levelid`  int(6) NULL DEFAULT NULL ,
`equip1_pow`  int(4) NULL DEFAULT NULL ,
`equip2_id`  int(4) NULL DEFAULT NULL ,
`equip2_levelid`  int(6) NULL DEFAULT NULL ,
`equip2_pow`  int(4) NULL DEFAULT NULL ,
`equip3_id`  int(4) NULL DEFAULT NULL ,
`equip3_levelid`  int(6) NULL DEFAULT NULL ,
`equip3_pow`  int(4) NULL DEFAULT NULL ,
`equip4_id`  int(6) NULL DEFAULT NULL ,
`equip4_levelid`  int(6) NULL DEFAULT NULL ,
`equip4_pow`  int(6) NULL DEFAULT NULL ,
`equip5_id`  int(6) NULL DEFAULT NULL ,
`equip5_levelid`  int(6) NULL DEFAULT NULL ,
`equip5_pow`  int(6) NULL DEFAULT NULL ,
`equip6_id`  int(6) NULL DEFAULT NULL ,
`equip6_levelid`  int(6) NULL DEFAULT NULL ,
`equip6_pow`  int(6) NULL DEFAULT NULL ,
`equip7_id`  int(6) NULL DEFAULT NULL ,
`equip7_levelid`  int(6) NULL DEFAULT NULL ,
`equip7_pow`  int(6) NULL DEFAULT NULL ,
PRIMARY KEY (`droplistid`)
)
ENGINE=InnoDB
DEFAULT CHARACTER SET=utf8 COLLATE=utf8_general_ci

;

-- ----------------------------
-- Records of table_equiplist
-- ----------------------------
BEGIN;
INSERT INTO `table_equiplist` VALUES ('0', '1000', '1000', '0', '2000', '1001', '5', '2000', '1002', '10', '1000', '1003', '1', '1000', '1004', '1', '1000', '1005', '1', '1000', '1006', '1', '1000'), ('1', '1000', '2000', '0', '2000', '2001', '5', '2000', '2002', '10', '1000', '-1', '1', '1000', '-1', '1', '1000', '-1', '1', '1000', '-1', '1', '1000'), ('2', '1000', '3000', '0', '2000', '3001', '5', '2000', '3002', '10', '1000', '-1', '1', '1000', '-1', '1', '1000', '-1', '1', '1000', '-1', '1', '1000'), ('3', '1000', '4000', '0', '2000', '4001', '5', '2000', '4002', '10', '1000', '-1', '1', '1000', '-1', '1', '1000', '-1', '1', '1000', '-1', '1', '1000'), ('4', '1000', '5000', '0', '2000', '5001', '5', '2000', '5002', '10', '1000', '-1', '1', '1000', '-1', '1', '1000', '-1', '1', '1000', '-1', '1', '1000'), ('5', '1000', '6000', '0', '2000', '6001', '5', '2000', '6002', '10', '1000', '-1', '1', '1000', '-1', '1', '1000', '-1', '1', '1000', '-1', '1', '1000'), ('6', '1000', '7000', '0', '2000', '7001', '5', '2000', '7002', '10', '1000', '-1', '1', '1000', '-1', '1', '1000', '-1', '1', '1000', '-1', '1', '1000');
COMMIT;

-- ----------------------------
-- Table structure for table_equipment_levelup
-- ----------------------------
DROP TABLE IF EXISTS `table_equipment_levelup`;
CREATE TABLE `table_equipment_levelup` (
`level`  int(5) NULL DEFAULT NULL ,
`costbase`  varchar(10) CHARACTER SET utf8 COLLATE utf8_general_ci NULL DEFAULT NULL ,
`buffadd`  varchar(10) CHARACTER SET utf8 COLLATE utf8_general_ci NULL DEFAULT NULL 
)
ENGINE=InnoDB
DEFAULT CHARACTER SET=utf8 COLLATE=utf8_general_ci

;

-- ----------------------------
-- Records of table_equipment_levelup
-- ----------------------------
BEGIN;
INSERT INTO `table_equipment_levelup` VALUES ('1', '1.1', '2.2'), ('2', '1.1', '2.2'), ('3', '1.1', '2.2'), ('4', '1.1', '2.2'), ('5', '1.1', '2.2'), ('6', '1.1', '2.2'), ('7', '1.1', '2.2'), ('8', '1.1', '2.2'), ('9', '1.1', '2.2'), ('10', '1.1', '2.2'), ('11', '1.1', '2.2'), ('12', '1.1', '2.2'), ('13', '1.1', '2.2'), ('14', '1.1', '2.2'), ('15', '1.1', '2.2'), ('16', '1.1', '2.2'), ('17', '1.1', '2.2'), ('18', '1.1', '2.2'), ('19', '1.1', '2.2'), ('20', '1.1', '2.2'), ('21', '1.1', '2.2'), ('22', '1.1', '2.2'), ('23', '1.1', '2.2'), ('24', '1.1', '2.2'), ('25', '1.1', '2.2'), ('26', '1.1', '2.2'), ('27', '1.1', '2.2'), ('28', '1.1', '2.2'), ('29', '1.1', '2.2'), ('30', '1.1', '2.2'), ('31', '1.1', '2.2'), ('32', '1.1', '2.2'), ('33', '1.1', '2.2'), ('34', '1.1', '2.2'), ('35', '1.1', '2.2'), ('36', '1.1', '2.2'), ('37', '1.1', '2.2'), ('38', '1.1', '2.2'), ('39', '1.1', '2.2'), ('40', '1.1', '2.2');
COMMIT;

-- ----------------------------
-- Table structure for table_global_base
-- ----------------------------
DROP TABLE IF EXISTS `table_global_base`;
CREATE TABLE `table_global_base` (
`id`  varchar(30) CHARACTER SET utf8 COLLATE utf8_general_ci NOT NULL ,
`value`  int(7) NULL DEFAULT NULL ,
PRIMARY KEY (`id`)
)
ENGINE=InnoDB
DEFAULT CHARACTER SET=utf8 COLLATE=utf8_general_ci

;

-- ----------------------------
-- Records of table_global_base
-- ----------------------------
BEGIN;
INSERT INTO `table_global_base` VALUES ('AdTriInterval', '120'), ('AvoidMax', '7000'), ('BaseAvoid', '100'), ('BaseCrital', '100'), ('BaseCritalRate', '10'), ('CritalMax', '8000'), ('equipment_buff_maxrate', '120'), ('equipment_buff_minrate', '80'), ('equipment_fullreclec_cost', '100'), ('equipment_recle_discount', '80');
COMMIT;

-- ----------------------------
-- Table structure for table_hero
-- ----------------------------
DROP TABLE IF EXISTS `table_hero`;
CREATE TABLE `table_hero` (
`id`  int(4) NOT NULL ,
`atkinterval`  int(4) NULL DEFAULT NULL ,
`dps`  int(4) NULL DEFAULT NULL ,
`propmodify`  varchar(10) CHARACTER SET utf8 COLLATE utf8_general_ci NULL DEFAULT NULL ,
`skills`  varchar(20) CHARACTER SET utf8 COLLATE utf8_general_ci NULL DEFAULT NULL ,
PRIMARY KEY (`id`)
)
ENGINE=InnoDB
DEFAULT CHARACTER SET=utf8 COLLATE=utf8_general_ci

;

-- ----------------------------
-- Records of table_hero
-- ----------------------------
BEGIN;
INSERT INTO `table_hero` VALUES ('1', '3', '2', '1', '8,9,10,11,12,13,14'), ('2', '2', '2', '1.02', '15,16,17,18,19,20,21'), ('3', '2', '2', '0.91', '8,9,10,11,12,13,14'), ('4', '4', '2', '0.92', '8,9,10,11,12,13,14'), ('5', '4', '2', '0.94', '8,9,10,11,12,13,14'), ('6', '4', '2', '1.55', '8,9,10,11,12,13,14'), ('7', '3', '2', '1.7', '15,16,17,18,19,20,21'), ('8', '4', '2', '1.41', '15,16,17,18,19,20,21'), ('9', '4', '2', '1.34', '15,16,17,18,19,20,21'), ('10', '2', '2', '1.27', '15,16,17,18,19,20,21'), ('11', '2', '2', '1.4', '15,16,17,18,19,20,21'), ('12', '3', '2', '2', '15,16,17,18,19,20,21'), ('13', '3', '2', '1.5', '15,16,17,18,19,20,21'), ('14', '3', '2', '1.57', '15,16,17,18,19,20,21'), ('15', '3', '2', '1.55', '15,16,17,18,19,20,21'), ('16', '3', '2', '1.94', '15,16,17,18,19,20,21'), ('17', '3', '2', '2', '15,16,17,18,19,20,21'), ('18', '3', '2', '2.15', '15,16,17,18,19,20,21'), ('19', '3', '2', '2.16', '15,16,17,18,19,20,21'), ('20', '3', '2', '2.5', '15,16,17,18,19,20,21'), ('21', '3', '2', '2', '0'), ('22', '3', '2', '1.5', '0'), ('23', '3', '2', '1.57', '0'), ('24', '3', '2', '1.55', '0'), ('25', '3', '2', '1.94', '0'), ('26', '3', '2', '2', '0'), ('27', '3', '2', '2.15', '0'), ('28', '3', '2', '2.16', '0'), ('29', '3', '2', '2.5', '0'), ('30', '3', '2', '2.5', '0'), ('50000', '0', '1', '1.8', '1,2,3,4,5,6,7');
COMMIT;

-- ----------------------------
-- Table structure for table_hero_skill
-- ----------------------------
DROP TABLE IF EXISTS `table_hero_skill`;
CREATE TABLE `table_hero_skill` (
`table_hero_skill_id`  int(4) NOT NULL ,
`skill_level`  int(4) NOT NULL ,
`unlock_level`  int(7) NULL DEFAULT NULL ,
`upcost`  int(20) NULL DEFAULT NULL ,
`type`  int(1) NULL DEFAULT NULL ,
`cd`  int(4) NULL DEFAULT NULL ,
`duration`  int(4) NULL DEFAULT NULL ,
`trigglerate`  int(4) NULL DEFAULT NULL ,
`applytimes`  int(4) NULL DEFAULT NULL ,
`applytarget`  int(4) NULL DEFAULT NULL ,
`applaytargetnum`  int(4) NULL DEFAULT NULL ,
`effecttype0`  int(3) NULL DEFAULT NULL ,
`effectvalue0`  int(3) NULL DEFAULT NULL ,
`buffvalue0`  int(3) NULL DEFAULT NULL ,
`spawnnewid`  int(3) NULL DEFAULT NULL ,
PRIMARY KEY (`table_hero_skill_id`, `skill_level`)
)
ENGINE=InnoDB
DEFAULT CHARACTER SET=utf8 COLLATE=utf8_general_ci

;

-- ----------------------------
-- Records of table_hero_skill
-- ----------------------------
BEGIN;
INSERT INTO `table_hero_skill` VALUES ('1', '1', '20', '250', '0', '10', '0', '100', '1', '0', '1', '2', '70', '0', '0'), ('1', '2', '20', '386', '0', '10', '0', '100', '1', '0', '1', '2', '100', '0', '0'), ('1', '3', '20', '526', '0', '10', '0', '100', '1', '0', '1', '2', '130', '0', '0'), ('1', '4', '20', '672', '0', '10', '0', '100', '1', '0', '1', '2', '160', '0', '0'), ('1', '5', '20', '826', '0', '10', '0', '100', '1', '0', '1', '2', '190', '0', '0'), ('1', '6', '20', '3060', '0', '10', '0', '100', '1', '0', '1', '2', '220', '0', '0'), ('1', '7', '20', '6154', '0', '10', '0', '100', '1', '0', '1', '2', '250', '0', '0'), ('1', '8', '20', '9974', '0', '10', '0', '100', '1', '0', '1', '2', '280', '0', '0'), ('1', '9', '20', '14608', '0', '10', '0', '100', '1', '0', '1', '2', '310', '0', '0'), ('1', '10', '20', '20206', '0', '10', '0', '100', '1', '0', '1', '2', '340', '0', '0'), ('2', '1', '30', '408', '0', '10', '3', '100', '1', '0', '1', '3', '1200', '6000', '0'), ('2', '2', '30', '562', '0', '10', '3', '100', '1', '0', '1', '3', '1250', '6000', '0'), ('2', '3', '30', '710', '0', '10', '3', '100', '1', '0', '1', '3', '1300', '6000', '0'), ('2', '4', '30', '1140', '0', '10', '3', '100', '1', '0', '1', '3', '1350', '6000', '0'), ('2', '5', '30', '3626', '0', '10', '3', '100', '1', '0', '1', '3', '1400', '6000', '0'), ('2', '6', '30', '6818', '0', '10', '3', '100', '1', '0', '1', '3', '1450', '6000', '0'), ('2', '7', '30', '10874', '0', '10', '3', '100', '1', '0', '1', '3', '1500', '6000', '0'), ('2', '8', '30', '15680', '0', '10', '3', '100', '1', '0', '1', '3', '1550', '6000', '0'), ('2', '9', '30', '21320', '0', '10', '3', '100', '1', '0', '1', '3', '1600', '6000', '0'), ('2', '10', '30', '28028', '0', '10', '3', '100', '1', '0', '1', '3', '1650', '6000', '0'), ('3', '1', '40', '586', '0', '30', '20', '100', '1', '0', '1', '1', '9', '1500', '0'), ('3', '2', '40', '736', '0', '30', '22', '100', '1', '0', '1', '1', '9', '2000', '0'), ('3', '3', '40', '1574', '0', '30', '24', '100', '1', '0', '1', '1', '9', '2500', '0'), ('3', '4', '40', '4174', '0', '30', '26', '100', '1', '0', '1', '1', '9', '3000', '0'), ('3', '5', '40', '7582', '0', '30', '28', '100', '1', '0', '1', '1', '9', '3500', '0'), ('3', '6', '40', '11708', '0', '30', '30', '100', '1', '0', '1', '1', '9', '4000', '0'), ('3', '7', '40', '16786', '0', '30', '32', '100', '1', '0', '1', '1', '9', '4500', '0'), ('3', '8', '40', '22622', '0', '30', '34', '100', '1', '0', '1', '1', '9', '5000', '0'), ('3', '9', '40', '29340', '0', '30', '36', '100', '1', '0', '1', '1', '9', '5500', '0'), ('3', '10', '40', '37216', '0', '30', '38', '100', '1', '0', '1', '1', '9', '6000', '0'), ('4', '1', '50', '762', '0', '30', '20', '100', '1', '0', '1', '1', '4', '30', '0'), ('4', '2', '50', '2046', '0', '30', '22', '100', '1', '0', '1', '1', '4', '40', '0'), ('4', '3', '50', '4796', '0', '30', '24', '100', '1', '0', '1', '1', '4', '50', '0'), ('4', '4', '50', '8366', '0', '30', '26', '100', '1', '0', '1', '1', '4', '60', '0'), ('4', '5', '50', '12672', '0', '30', '28', '100', '1', '0', '1', '1', '4', '70', '0'), ('4', '6', '50', '17800', '0', '30', '30', '100', '1', '0', '1', '1', '4', '80', '0'), ('4', '7', '50', '23946', '0', '30', '32', '100', '1', '0', '1', '1', '4', '90', '0'), ('4', '8', '50', '30870', '0', '30', '34', '100', '1', '0', '1', '1', '4', '100', '0'), ('4', '9', '50', '38732', '0', '30', '36', '100', '1', '0', '1', '1', '4', '110', '0'), ('4', '10', '50', '47822', '0', '30', '38', '100', '1', '0', '1', '1', '4', '120', '0'), ('5', '1', '60', '2520', '0', '60', '20', '100', '1', '0', '1', '1', '2', '30', '0'), ('5', '2', '60', '5460', '0', '60', '22', '100', '1', '0', '1', '1', '2', '40', '0'), ('5', '3', '60', '9118', '0', '60', '24', '100', '1', '0', '1', '1', '2', '50', '0'), ('5', '4', '60', '13678', '0', '60', '26', '100', '1', '0', '1', '1', '2', '60', '0'), ('5', '5', '60', '18986', '0', '60', '28', '100', '1', '0', '1', '1', '2', '70', '0'), ('5', '6', '60', '25164', '0', '60', '30', '100', '1', '0', '1', '1', '2', '80', '0'), ('5', '7', '60', '32450', '0', '60', '32', '100', '1', '0', '1', '1', '2', '90', '0'), ('5', '8', '60', '40516', '0', '60', '34', '100', '1', '0', '1', '1', '2', '100', '0'), ('5', '9', '60', '49570', '0', '60', '36', '100', '1', '0', '1', '1', '2', '110', '0'), ('5', '10', '60', '59946', '0', '60', '38', '100', '1', '0', '1', '1', '2', '120', '0'), ('6', '1', '70', '5770', '0', '180', '5', '100', '1', '0', '1', '4', '1010', '0', '0'), ('6', '2', '70', '9588', '0', '180', '5', '100', '1', '0', '1', '4', '1015', '0', '0'), ('6', '3', '70', '14142', '0', '180', '5', '100', '1', '0', '1', '4', '1020', '0', '0'), ('6', '4', '70', '19518', '0', '180', '5', '100', '1', '0', '1', '4', '1025', '0', '0'), ('6', '5', '70', '25950', '0', '180', '5', '100', '1', '0', '1', '4', '1030', '0', '0'), ('6', '6', '70', '33158', '0', '180', '5', '100', '1', '0', '1', '4', '1035', '0', '0'), ('6', '7', '70', '41304', '0', '180', '5', '100', '1', '0', '1', '4', '1040', '0', '0'), ('6', '8', '70', '50716', '0', '180', '5', '100', '1', '0', '1', '4', '1045', '0', '0'), ('6', '9', '70', '60932', '0', '180', '5', '100', '1', '0', '1', '4', '1050', '0', '0'), ('6', '10', '70', '72532', '0', '180', '5', '100', '1', '0', '1', '4', '1055', '0', '0'), ('7', '1', '80', '0', '0', '600', '0', '100', '1', '0', '1', '4', '0', '0', '0'), ('8', '1', '20', '500', '1', '0', '0', '100', '1', '0', '1', '1', '3', '40', '0'), ('9', '1', '50', '1000', '1', '0', '0', '100', '1', '0', '1', '1', '3', '40', '0'), ('10', '1', '100', '1500', '1', '0', '0', '100', '1', '0', '1', '1', '2', '10', '0'), ('11', '1', '200', '2000', '1', '0', '0', '100', '1', '0', '1', '1', '3', '80', '0'), ('12', '1', '400', '2500', '1', '0', '0', '100', '1', '0', '1', '1', '1', '10', '0'), ('13', '1', '600', '3000', '1', '0', '0', '100', '1', '0', '1', '1', '1', '10', '0'), ('14', '1', '800', '3500', '1', '0', '0', '100', '1', '0', '1', '1', '9', '100', '0'), ('15', '1', '20', '5000', '1', '0', '0', '100', '1', '0', '1', '1', '3', '60', '0'), ('16', '1', '50', '10000', '1', '0', '0', '100', '1', '0', '1', '1', '5', '10', '0'), ('17', '1', '100', '15000', '1', '0', '0', '100', '1', '0', '1', '1', '5', '10', '0'), ('18', '1', '200', '20000', '1', '0', '0', '100', '1', '0', '1', '1', '3', '100', '0'), ('19', '1', '400', '25000', '1', '0', '0', '100', '1', '0', '1', '1', '1', '10', '0'), ('20', '1', '600', '30000', '1', '0', '0', '100', '1', '0', '1', '1', '1', '10', '0'), ('21', '1', '800', '35000', '1', '0', '0', '100', '1', '0', '1', '1', '10', '10', '0');
COMMIT;

-- ----------------------------
-- Table structure for table_hero_unlock
-- ----------------------------
DROP TABLE IF EXISTS `table_hero_unlock`;
CREATE TABLE `table_hero_unlock` (
`orderid`  int(5) NOT NULL ,
`cost`  int(20) NULL DEFAULT NULL ,
`droplibs`  int(5) NULL DEFAULT NULL ,
PRIMARY KEY (`orderid`)
)
ENGINE=InnoDB
DEFAULT CHARACTER SET=utf8 COLLATE=utf8_general_ci

;

-- ----------------------------
-- Records of table_hero_unlock
-- ----------------------------
BEGIN;
INSERT INTO `table_hero_unlock` VALUES ('1', '40', '0'), ('2', '80', '0'), ('3', '160', '0'), ('4', '300', '0'), ('5', '450', '0'), ('6', '600', '0'), ('7', '600', '0'), ('8', '800', '0'), ('9', '2760', '0'), ('10', '7170', '0'), ('11', '37240', '0'), ('12', '250540', '0'), ('13', '1685600', '0'), ('14', '11340000', '0');
COMMIT;

-- ----------------------------
-- Table structure for table_hero_upgrade
-- ----------------------------
DROP TABLE IF EXISTS `table_hero_upgrade`;
CREATE TABLE `table_hero_upgrade` (
`level`  int(7) NOT NULL ,
`cost`  bigint(40) NULL DEFAULT NULL ,
`effadd`  bigint(40) NULL DEFAULT NULL ,
PRIMARY KEY (`level`)
)
ENGINE=InnoDB
DEFAULT CHARACTER SET=utf8 COLLATE=utf8_general_ci

;

-- ----------------------------
-- Records of table_hero_upgrade
-- ----------------------------
BEGIN;
INSERT INTO `table_hero_upgrade` VALUES ('1', '7', '1'), ('2', '7', '2'), ('3', '16', '3'), ('4', '18', '4'), ('5', '30', '5'), ('6', '39', '6'), ('7', '39', '7'), ('8', '39', '8'), ('9', '39', '9'), ('10', '49', '10'), ('11', '72', '15'), ('12', '72', '16'), ('13', '72', '16'), ('14', '72', '18'), ('15', '72', '18'), ('16', '133', '19'), ('17', '133', '19'), ('18', '133', '21'), ('19', '133', '21'), ('20', '133', '22'), ('21', '223', '22'), ('22', '223', '24'), ('23', '223', '24'), ('24', '223', '25'), ('25', '223', '25'), ('26', '227', '40'), ('27', '227', '40'), ('28', '227', '42'), ('29', '227', '42'), ('30', '227', '45'), ('31', '298', '45'), ('32', '298', '47'), ('33', '298', '47'), ('34', '298', '49'), ('35', '298', '49'), ('36', '330', '51'), ('37', '330', '51'), ('38', '330', '54'), ('39', '330', '54'), ('40', '330', '56'), ('41', '390', '56'), ('42', '390', '58'), ('43', '390', '58'), ('44', '390', '60'), ('45', '390', '60'), ('46', '418', '63'), ('47', '418', '63'), ('48', '418', '65'), ('49', '440', '65'), ('50', '550', '67'), ('51', '672', '97'), ('52', '672', '100'), ('53', '672', '100'), ('54', '672', '104'), ('55', '816', '104'), ('56', '1000', '107'), ('57', '1000', '107'), ('58', '1000', '110'), ('59', '1053', '110'), ('60', '1313', '113'), ('61', '1614', '113'), ('62', '1614', '117'), ('63', '1614', '117'), ('64', '1699', '120'), ('65', '2119', '120'), ('66', '2602', '123'), ('67', '2602', '123'), ('68', '2602', '126'), ('69', '2711', '126'), ('70', '3354', '130'), ('71', '4098', '130'), ('72', '4098', '133'), ('73', '4098', '133'), ('74', '4639', '136'), ('75', '5706', '136'), ('76', '6936', '139'), ('77', '6936', '139'), ('78', '6936', '143'), ('79', '7910', '143'), ('80', '9669', '146'), ('81', '11704', '146'), ('82', '11704', '149'), ('83', '11704', '149'), ('84', '13452', '152'), ('85', '16356', '152'), ('86', '19708', '156'), ('87', '19708', '156'), ('88', '19708', '159'), ('89', '22806', '159'), ('90', '27595', '162'), ('91', '33120', '162');
COMMIT;

-- ----------------------------
-- Table structure for table_items
-- ----------------------------
DROP TABLE IF EXISTS `table_items`;
CREATE TABLE `table_items` (
`id`  int(5) NOT NULL ,
`bodyid`  int(2) NULL DEFAULT NULL ,
`needlevel`  int(30) NULL DEFAULT NULL ,
`quliaty`  int(2) NULL DEFAULT NULL ,
`cansale`  int(1) NULL DEFAULT NULL ,
`saletype`  int(1) NULL DEFAULT NULL ,
`buftype`  int(4) NULL DEFAULT NULL ,
`bufvalue`  int(10) NULL DEFAULT NULL ,
PRIMARY KEY (`id`)
)
ENGINE=InnoDB
DEFAULT CHARACTER SET=utf8 COLLATE=utf8_general_ci

;

-- ----------------------------
-- Records of table_items
-- ----------------------------
BEGIN;
INSERT INTO `table_items` VALUES ('1000', '0', '1', '0', '0', '0', '1', '10'), ('1001', '1', '1', '0', '0', '0', '1', '10'), ('1002', '2', '1', '0', '0', '0', '1', '10'), ('1003', '3', '1', '0', '0', '0', '1', '10'), ('1004', '4', '1', '0', '0', '0', '1', '10'), ('1005', '5', '1', '0', '0', '0', '1', '10'), ('1006', '5', '1', '0', '0', '0', '1', '10'), ('2000', '0', '1', '0', '0', '0', '1', '10'), ('2001', '1', '1', '0', '0', '0', '1', '10'), ('2002', '2', '1', '0', '0', '0', '1', '10'), ('2003', '3', '1', '0', '0', '0', '1', '10'), ('2004', '4', '1', '0', '0', '0', '1', '10'), ('2005', '5', '1', '0', '0', '0', '1', '10'), ('3000', '3', '1', '0', '0', '0', '1', '10'), ('3001', '3', '1', '0', '0', '0', '1', '10'), ('3002', '3', '1', '0', '0', '0', '1', '10'), ('3003', '3', '1', '0', '0', '0', '1', '10'), ('3004', '3', '1', '0', '0', '0', '1', '10'), ('3005', '5', '1', '0', '0', '0', '1', '10'), ('3006', '5', '1', '0', '0', '0', '1', '10'), ('4000', '0', '1', '0', '0', '0', '1', '10'), ('4001', '1', '1', '0', '0', '0', '1', '10'), ('4002', '2', '1', '0', '0', '0', '1', '10'), ('4003', '3', '1', '0', '0', '0', '1', '10'), ('4004', '4', '1', '0', '0', '0', '1', '10'), ('4005', '5', '1', '0', '0', '0', '1', '10'), ('5000', '1', '1', '0', '0', '0', '1', '10'), ('5001', '3', '1', '0', '0', '0', '1', '10'), ('5002', '5', '1', '0', '0', '0', '1', '10'), ('6000', '0', '1', '0', '0', '0', '1', '10'), ('6001', '1', '1', '0', '0', '0', '1', '10'), ('6002', '2', '1', '0', '0', '0', '1', '10'), ('6003', '4', '1', '0', '0', '0', '1', '10'), ('6004', '5', '1', '0', '0', '0', '1', '10'), ('7000', '0', '1', '0', '0', '0', '1', '10'), ('7001', '1', '1', '0', '0', '0', '1', '10'), ('7002', '2', '1', '0', '0', '0', '1', '10'), ('7003', '3', '1', '0', '0', '0', '1', '10'), ('7004', '4', '1', '0', '0', '0', '1', '10'), ('7005', '5', '1', '0', '0', '0', '1', '10');
COMMIT;

-- ----------------------------
-- Table structure for table_level
-- ----------------------------
DROP TABLE IF EXISTS `table_level`;
CREATE TABLE `table_level` (
`id`  int(6) NOT NULL ,
`monsterhp`  int(30) NULL DEFAULT NULL ,
`monstercoins`  int(30) NULL DEFAULT NULL ,
`bosshp`  int(30) NULL DEFAULT NULL ,
`bosscoins`  int(30) NULL DEFAULT NULL ,
`zsbygodrate`  bigint(30) NULL DEFAULT NULL ,
`offlinegold`  int(30) NULL DEFAULT NULL ,
`relivegold`  int(30) NULL DEFAULT NULL ,
`eqm_upgrade_add_cost`  int(30) NULL DEFAULT NULL ,
`draw_equip_cost`  int(30) NULL DEFAULT NULL ,
`recycle`  int(30) NULL DEFAULT NULL ,
PRIMARY KEY (`id`)
)
ENGINE=InnoDB
DEFAULT CHARACTER SET=utf8 COLLATE=utf8_general_ci

;

-- ----------------------------
-- Records of table_level
-- ----------------------------
BEGIN;
INSERT INTO `table_level` VALUES ('1', '8', '1', '24', '3', '5000', '1', '1', '20', null, null), ('2', '24', '2', '120', '10', '10000', '3', '1', '20', null, null), ('3', '48', '2', '288', '12', '10000', '3', '1', '20', null, null), ('4', '82', '3', '656', '24', '15000', '4', '1', '20', null, null), ('5', '124', '3', '1240', '40', '15000', '4', '1', '20', null, null), ('6', '207', '4', '621', '12', '20000', '6', '1', '20', null, null), ('7', '280', '4', '1400', '20', '20000', '6', '1', '20', null, null), ('8', '365', '4', '2190', '24', '20000', '6', '1', '20', null, null), ('9', '463', '5', '3704', '40', '25000', '7', '1', '20', null, null), ('10', '573', '5', '5730', '80', '25000', '7', '1', '20', null, null), ('11', '847', '6', '2541', '18', '30000', '9', '1', '20', null, null), ('12', '1045', '6', '5225', '30', '30000', '9', '1', '20', null, null), ('13', '1252', '7', '7512', '42', '35000', '10', '1', '20', null, null), ('14', '1480', '7', '11840', '56', '35000', '10', '1', '20', null, null), ('15', '1716', '8', '17160', '160', '40000', '12', '1', '20', null, null), ('16', '2227', '8', '6681', '24', '40000', '12', '1', '20', null, null), ('17', '2520', '9', '12600', '45', '45000', '13', '1', '20', null, null), ('18', '2837', '9', '17022', '54', '45000', '13', '1', '20', null, null), ('19', '3165', '9', '25320', '72', '45000', '13', '1', '20', null, null), ('20', '3509', '10', '35090', '300', '50000', '15', '1', '20', null, null), ('21', '4315', '11', '12945', '33', '55000', '16', '1', '20', null, null), ('22', '4738', '11', '23690', '55', '55000', '16', '1', '20', null, null), ('23', '5177', '11', '31062', '66', '55000', '16', '1', '20', null, null), ('24', '5633', '12', '45064', '96', '60000', '18', '1', '20', null, null), ('25', '6105', '13', '61050', '450', '65000', '19', '1', '20', null, null), ('26', '7418', '14', '22254', '42', '70000', '21', '1', '20', null, null), ('27', '8158', '14', '40790', '70', '70000', '21', '1', '20', null, null), ('28', '8929', '15', '53574', '90', '75000', '22', '1', '20', null, null), ('29', '9724', '15', '77792', '120', '75000', '22', '1', '20', null, null), ('30', '10561', '16', '105610', '600', '80000', '24', '1', '20', null, null), ('31', '12438', '17', '37314', '51', '85000', '25', '1', '20', null, null), ('32', '13411', '19', '67055', '95', '95000', '28', '1', '20', null, null), ('33', '14414', '21', '86484', '126', '105000', '31', '1', '20', null, null), ('34', '15451', '23', '123608', '184', '115000', '34', '1', '20', null, null), ('35', '16519', '25', '165190', '600', '125000', '37', '1', '20', null, null), ('36', '19017', '28', '57051', '84', '140000', '42', '1', '20', null, null), ('37', '20246', '30', '101230', '150', '150000', '45', '1', '20', null, null), ('38', '21524', '34', '129144', '204', '170000', '51', '1', '20', null, null), ('39', '22837', '37', '182696', '296', '185000', '55', '1', '20', null, null), ('40', '24190', '41', '241900', '800', '205000', '61', '1', '20', null, null), ('41', '27440', '45', '82320', '135', '225000', '67', '1', '20', null, null), ('42', '30005', '49', '150025', '245', '245000', '73', '1', '20', null, null), ('43', '31634', '54', '189804', '324', '270000', '81', '1', '20', null, null), ('44', '33305', '60', '266440', '480', '300000', '90', '1', '20', null, null), ('45', '35020', '66', '350200', '660', '330000', '99', '1', '20', null, null), ('46', '39250', '72', '117750', '216', '360000', '108', '1', '20', null, null), ('47', '42561', '80', '212805', '400', '400000', '120', '1', '20', null, null), ('48', '44611', '88', '267666', '528', '440000', '132', '1', '20', null, null), ('49', '46712', '97', '373696', '776', '485000', '145', '1', '20', null, null), ('50', '48862', '106', '488620', '1060', '530000', '159', '1', '20', null, null), ('51', '54643', '117', '163929', '351', '585000', '175', '1', '20', null, null), ('52', '59315', '129', '296575', '645', '645000', '193', '1', '20', null, null), ('53', '62361', '142', '374166', '852', '710000', '213', '1', '20', null, null), ('54', '65493', '156', '523944', '1248', '780000', '234', '1', '20', null, null), ('55', '68691', '171', '686910', '1710', '855000', '256', '1', '20', null, null), ('56', '71964', '189', '215892', '567', '945000', '283', '1', '20', null, null), ('57', '77524', '207', '387620', '1035', '1035000', '310', '1', '20', null, null), ('58', '81044', '228', '486264', '1368', '1140000', '342', '1', '20', null, null), ('59', '84635', '251', '677080', '2008', '1255000', '376', '1', '20', null, null), ('60', '88304', '276', '883040', '2760', '1380000', '414', '1', '20', null, null), ('61', '92062', '304', '276186', '912', '1520000', '456', '1', '20', null, null), ('62', '98565', '334', '492825', '1670', '1670000', '501', '1', '20', null, null), ('63', '102584', '368', '615504', '2208', '1840000', '552', '1', '20', null, null), ('64', '106686', '405', '853488', '3240', '2025000', '607', '1', '20', null, null), ('65', '110882', '445', '1108820', '4450', '2225000', '667', '1', '20', null, null), ('66', '115162', '490', '345486', '1470', '2450000', '735', '1', '20', null, null), ('67', '122668', '539', '613340', '2695', '2695000', '808', '1', '20', null, null), ('68', '127230', '593', '763380', '3558', '2965000', '889', '1', '20', null, null), ('69', '131871', '652', '1054968', '5216', '3260000', '978', '1', '20', null, null), ('70', '136617', '717', '1366170', '7170', '3585000', '1075', '1', '20', null, null), ('71', '141464', '789', '424392', '2367', '3945000', '1183', '1', '20', null, null), ('72', '150042', '868', '750210', '4340', '4340000', '1302', '1', '20', null, null), ('73', '155167', '955', '931002', '5730', '4775000', '1432', '1', '20', null, null), ('74', '160384', '1051', '1283072', '8408', '5255000', '1576', '1', '20', null, null), ('75', '165707', '1156', '1657070', '11560', '5780000', '1734', '1', '20', null, null), ('76', '171124', '1271', '513372', '3813', '6355000', '1906', '1', '20', null, null), ('77', '180835', '1399', '904175', '6995', '6995000', '2098', '1', '20', null, null), ('78', '186585', '1538', '1119510', '9228', '7690000', '2307', '1', '20', null, null), ('79', '192424', '1692', '1539392', '13536', '8460000', '2538', '1', '20', null, null), ('80', '198361', '1862', '1983610', '18620', '9310000', '2793', '1', '20', null, null), ('81', '204410', '2048', '613230', '6144', '10240000', '3072', '1', '20', null, null), ('82', '215323', '2253', '1076615', '11265', '11265000', '3379', '1', '20', null, null), ('83', '224384', '2478', '1346304', '14868', '12390000', '3717', '1', '20', null, null), ('84', '233572', '2726', '1868576', '21808', '13630000', '4089', '1', '20', null, null), ('85', '242946', '2999', '2429460', '29990', '14995000', '4498', '1', '20', null, null), ('86', '252466', '3298', '757398', '9894', '16490000', '4947', '1', '20', null, null), ('87', '267850', '3628', '1339250', '18140', '18140000', '5442', '1', '20', null, null), ('88', '277877', '3991', '1667262', '23946', '19955000', '5986', '1', '20', null, null), ('89', '288099', '4390', '2304792', '35120', '21950000', '6585', '1', '20', null, null), ('90', '298453', '4830', '2984530', '48300', '24150000', '7245', '1', '20', null, null), ('91', '309028', '5313', '927084', '15939', '26565000', '7969', '1', '20', null, null), ('92', '326373', '5844', '1631865', '29220', '29220000', '8766', '1', '20', null, null), ('93', '337481', '6428', '2024886', '38568', '32140000', '9642', '1', '20', null, null), ('94', '348747', '7071', '2789976', '56568', '35355000', '10606', '1', '20', null, null), ('95', '360218', '7778', '3602180', '77780', '38890000', '11667', '1', '20', null, null), ('96', '371830', '8556', '1115490', '25668', '42780000', '12834', '1', '20', null, null), ('97', '391290', '9412', '1956450', '47060', '47060000', '14118', '1', '20', null, null), ('98', '403459', '10353', '2420754', '62118', '51765000', '15529', '1', '20', null, null), ('99', '415839', '11388', '3326712', '91104', '56940000', '17082', '1', '20', null, null), ('100', '428365', '12527', '4283650', '125270', '62635000', '18790', '1', '20', null, null);
INSERT INTO `table_level` VALUES ('101', '442540', '13780', '1327620', '41340', '68900000', '20670', '1', '20', null, null), ('102', '467159', '15158', '2335795', '75790', '75790000', '22737', '1', '20', null, null), ('103', '483563', '16674', '2901378', '100044', '83370000', '25011', '1', '20', null, null), ('104', '500163', '18341', '4001304', '146728', '91705000', '27511', '1', '20', null, null), ('105', '517034', '20176', '5170340', '201760', '100880000', '30264', '1', '20', null, null), ('106', '534124', '22193', '1602372', '66579', '110965000', '33289', '1', '20', null, null), ('107', '561665', '24413', '2808325', '122065', '122065000', '36619', '1', '20', null, null), ('108', '579517', '26854', '3477102', '161124', '134270000', '40281', '1', '20', null, null), ('109', '597649', '29539', '4781192', '236312', '147695000', '44308', '1', '20', null, null), ('110', '616009', '32493', '6160090', '324930', '162465000', '48739', '1', '20', null, null), ('111', '634653', '35743', '1903959', '107229', '178715000', '53614', '1', '20', null, null), ('112', '665133', '39317', '3325665', '196585', '196585000', '58975', '1', '20', null, null), ('113', '684598', '43249', '4107588', '259494', '216245000', '64873', '1', '20', null, null), ('114', '704298', '47574', '5634384', '380592', '237870000', '71361', '1', '20', null, null), ('115', '724291', '52331', '7242910', '523310', '261655000', '78496', '1', '20', null, null), ('116', '744499', '57565', '2233497', '172695', '287825000', '86347', '1', '20', null, null), ('117', '778148', '63321', '3890740', '316605', '316605000', '94981', '1', '20', null, null), ('118', '799203', '69653', '4795218', '417918', '348265000', '104479', '1', '20', null, null), ('119', '820560', '76619', '6564480', '612952', '383095000', '114928', '1', '20', null, null), ('120', '842139', '84280', '8421390', '842800', '421400000', '126420', '1', '20', null, null), ('121', '864024', '92709', '2592072', '278127', '463545000', '139063', '1', '20', null, null), ('122', '883212', '101979', '4416060', '509895', '509895000', '152968', '1', '20', null, null), ('123', '902580', '112177', '5415480', '673062', '560885000', '168265', '1', '20', null, null), ('124', '922044', '123395', '7376352', '987160', '616975000', '185092', '1', '20', null, null), ('125', '941718', '135735', '9417180', '1357350', '678675000', '203602', '1', '20', null, null), ('126', '961512', '149308', '2884536', '447924', '746540000', '223962', '1', '20', null, null), ('127', '981486', '164239', '4907430', '821195', '821195000', '246358', '1', '20', null, null), ('128', '1001556', '180663', '6009336', '1083978', '903315000', '270994', '1', '20', null, null), ('129', '1021806', '198730', '8174448', '1589840', '993650000', '298095', '1', '20', null, null), ('130', '1042176', '218603', '10421760', '2186030', '1093015000', '327904', '1', '20', null, null), ('131', '1062726', '240463', '3188178', '721389', '1202315000', '360694', '1', '20', null, null), ('132', '1083372', '264509', '5416860', '1322545', '1322545000', '396763', '1', '20', null, null), ('133', '1104198', '290960', '6625188', '1745760', '1454800000', '436440', '1', '20', null, null), ('134', '1125144', '320056', '9001152', '2560448', '1600280000', '480084', '1', '20', null, null), ('135', '1146300', '352062', '11463000', '3520620', '1760310000', '528093', '1', '20', null, null), ('136', '1167552', '387268', '3502656', '1161804', '1936340000', '580902', '1', '20', null, null), ('137', '1188984', '425995', '5944920', '2129975', '2129975000', '638992', '1', '20', null, null), ('138', '1210536', '468595', '7263216', '2811570', '2342975000', '702892', '1', '20', null, null), ('139', '1232268', '515454', '9858144', '4123632', '2577270000', '773181', '1', '20', null, null), ('140', '1254096', '567000', '12540960', '5670000', '2835000000', '850500', '1', '20', null, null), ('141', '1276104', '623700', '3828312', '1871100', '3118500000', '935550', '1', '20', null, null), ('142', '1298232', '686070', '6491160', '3430350', '3430350000', '1029105', '1', '20', null, null), ('143', '1320540', '754677', '7923240', '4528062', '3773385000', '1132015', '1', '20', null, null), ('144', '1342944', '830145', '10743552', '6641160', '4150725000', '1245217', '1', '20', null, null), ('145', '1365528', '913159', '13655280', '9131590', '4565795000', '1369738', '1', '20', null, null), ('146', '1388232', '1004475', '4164696', '3013425', '5022375000', '1506712', '1', '20', null, null), ('147', '1411146', '1104923', '7055730', '5524615', '5524615000', '1657384', '1', '20', null, null), ('148', '1434156', '1215415', '8604936', '7292490', '6077075000', '1823122', '1', '20', null, null), ('149', '1457346', '1336956', '11658768', '10695648', '6684780000', '2005434', '1', '20', null, null), ('150', '1480656', '1470652', '14806560', '14706520', '7353260000', '2205978', '1', '20', null, null), ('151', '1504146', '1617717', '4512438', '4853151', '8088585000', '2426575', '1', '20', null, null), ('152', '1527732', '1779489', '7638660', '8897445', '8897445000', '2669233', '1', '20', null, null), ('153', '1551498', '1957438', '9308988', '11744628', '9787190000', '2936157', '1', '20', null, null), ('154', '1575384', '2153182', '12603072', '17225456', '10765910000', '3229773', '1', '20', null, null), ('155', '1599450', '2368500', '15994500', '23685000', '11842500000', '3552750', '1', '20', null, null), ('156', '1623612', '2605350', '4870836', '7816050', '13026750000', '3908025', '1', '20', null, null), ('157', '1647984', '2865885', '8239920', '14329425', '14329425000', '4298827', '1', '20', null, null), ('158', '1672476', '3152474', '10034856', '18914844', '15762370000', '4728711', '1', '20', null, null), ('159', '1697148', '3467721', '13577184', '27741768', '17338605000', '5201581', '1', '20', null, null), ('160', '1721916', '3814494', '17219160', '38144940', '19072470000', '5721741', '1', '20', null, null), ('161', '1746864', '4195943', '5240592', '12587829', '20979715000', '6293914', '1', '20', null, null), ('162', '1771932', '4615537', '8859660', '23077685', '23077685000', '6923305', '1', '20', null, null), ('163', '1797180', '5077091', '10783080', '30462546', '25385455000', '7615636', '1', '20', null, null), ('164', '1822524', '5584800', '14580192', '44678400', '27924000000', '8377200', '1', '20', null, null), ('165', '1848048', '6143280', '18480480', '61432800', '30716400000', '9214920', '1', '20', null, null), ('166', '1873692', '6757608', '5621076', '20272824', '33788040000', '10136412', '1', '20', null, null), ('167', '1899516', '7433369', '9497580', '37166845', '37166845000', '11150053', '1', '20', null, null), ('168', '1925436', '8176706', '11552616', '49060236', '40883530000', '12265059', '1', '20', null, null), ('169', '1951566', '8994377', '15612528', '71955016', '44971885000', '13491565', '1', '20', null, null), ('170', '1977816', '9893815', '19778160', '98938150', '49469075000', '14840722', '1', '20', null, null), ('171', '2004246', '10883196', '6012738', '32649588', '54415980000', '16324794', '1', '20', null, null), ('172', '2030772', '11971516', '10153860', '59857580', '59857580000', '17957274', '1', '20', null, null), ('173', '2057478', '13168667', '12344868', '79012002', '65843335000', '19753000', '1', '20', null, null), ('174', '2084304', '14485534', '16674432', '115884272', '72427670000', '21728301', '1', '20', null, null), ('175', '2111310', '15934088', '21113100', '159340880', '79670440000', '23901132', '1', '20', null, null), ('176', '2138412', '17527497', '6415236', '52582491', '87637485000', '26291245', '1', '20', null, null), ('177', '2165694', '19280246', '10828470', '96401230', '96401230000', '28920369', '1', '20', null, null), ('178', '2193096', '21208271', '13158576', '127249626', '106041000000', '31812406', '1', '20', null, null), ('179', '2220708', '23329098', '17765664', '186632784', '116645000000', '34993647', '1', '20', null, null), ('180', '2248416', '25662008', '22484160', '256620080', '128310000000', '38493012', '1', '20', null, null), ('181', '2276304', '28228209', '6828912', '84684627', '141141000000', '42342313', '1', '20', null, null), ('182', '2304312', '31051030', '11521560', '155255150', '155255000000', '46576545', '1', '20', null, null), ('183', '2332500', '34156133', '13995000', '204936798', '170781000000', '51234199', '1', '20', null, null), ('184', '2360784', '37571746', '18886272', '300573968', '187859000000', '56357619', '1', '20', null, null), ('185', '2389248', '41328921', '23892480', '413289210', '206645000000', '61993381', '1', '20', null, null), ('186', '2417832', '45461813', '7253496', '136385439', '227309000000', '68192719', '1', '20', null, null), ('187', '2446596', '50007994', '12232980', '250039970', '250040000000', '75011991', '1', '20', null, null), ('188', '2475456', '55008794', '14852736', '330052764', '275044000000', '82513191', '1', '20', null, null), ('189', '2504496', '60509673', '20035968', '484077384', '302548000000', '90764509', '1', '20', null, null), ('190', '2533656', '66560640', '25336560', '665606400', '332803000000', '99840960', '1', '20', null, null), ('191', '2563026', '73216704', '7689078', '219650112', '366084000000', '109825056', '1', '20', null, null), ('192', '2592492', '80538375', '12962460', '402691875', '402692000000', '120807562', '1', '20', null, null), ('193', '2622138', '88592213', '15732828', '531553278', '442961000000', '132888319', '1', '20', null, null), ('194', '2651904', '97451434', '21215232', '779611472', '487257000000', '146177151', '1', '20', null, null), ('195', '2681850', '107196577', '26818500', '1071965770', '535983000000', '160794865', '1', '20', null, null), ('196', '2711892', '117916235', '8135676', '353748705', '589581000000', '176874352', '1', '20', null, null), ('197', '2742114', '129707859', '13710570', '648539295', '648539000000', '194561788', '1', '20', null, null), ('198', '2772456', '142678644', '16634736', '856071864', '713393000000', '214017966', '1', '20', null, null), ('199', '2802978', '156946509', '22423824', '1255572072', '784733000000', '235419763', '1', '20', null, null), ('200', '2833596', '172641160', '28335960', '1726411600', '863206000000', '258961740', '1', '20', null, null);
INSERT INTO `table_level` VALUES ('201', '2868216', '189905276', '8604648', '569715828', '949526000000', '284857914', '1', '20', null, null), ('202', '2905350', '208895804', '14526750', '1044479020', '1044480000000', '313343706', '1', '20', null, null), ('203', '2942694', '229785384', '17656164', '1378712304', '1148930000000', '344678076', '1', '20', null, null), ('204', '2980182', '252763922', '23841456', '2022111376', '1263820000000', '379145883', '1', '20', null, null);
COMMIT;

-- ----------------------------
-- Table structure for table_level2scene
-- ----------------------------
DROP TABLE IF EXISTS `table_level2scene`;
CREATE TABLE `table_level2scene` (
`num`  int(7) NOT NULL ,
`scene0`  int(5) NULL DEFAULT NULL ,
`scene1`  int(5) NULL DEFAULT NULL ,
`scene2`  int(5) NULL DEFAULT NULL ,
`scene3`  int(5) NULL DEFAULT NULL ,
`scene4`  int(5) NULL DEFAULT NULL ,
`scene5`  int(5) NULL DEFAULT NULL ,
`scene6`  int(5) NULL DEFAULT NULL ,
`scene7`  int(5) NULL DEFAULT NULL ,
`scene8`  int(5) NULL DEFAULT NULL ,
`scene9`  int(5) NULL DEFAULT NULL ,
PRIMARY KEY (`num`)
)
ENGINE=InnoDB
DEFAULT CHARACTER SET=utf8 COLLATE=utf8_general_ci

;

-- ----------------------------
-- Records of table_level2scene
-- ----------------------------
BEGIN;
INSERT INTO `table_level2scene` VALUES ('0', '0', '0', '0', '0', '0', '0', '0', '0', '0', '0'), ('1', '1', '1', '1', '1', '1', '1', '1', '1', '1', '1'), ('2', '2', '2', '2', '2', '2', '2', '2', '2', '2', '2'), ('3', '3', '3', '3', '3', '3', '3', '3', '3', '3', '3'), ('4', '4', '4', '4', '4', '4', '4', '4', '4', '4', '4'), ('5', '5', '5', '5', '5', '5', '5', '5', '5', '5', '5'), ('6', '6', '6', '6', '6', '6', '6', '6', '6', '6', '6'), ('7', '3', '1', '4', '3', '4', '3', '0', '5', '5', '5'), ('8', '4', '6', '3', '0', '5', '5', '3', '1', '0', '2'), ('9', '1', '0', '6', '1', '3', '6', '6', '6', '4', '6'), ('10', '5', '4', '2', '4', '0', '4', '4', '2', '2', '4'), ('11', '6', '2', '5', '6', '2', '2', '2', '4', '3', '1'), ('12', '0', '3', '1', '2', '1', '1', '1', '3', '1', '0'), ('13', '2', '5', '0', '5', '6', '0', '5', '0', '6', '3'), ('14', '0', '4', '3', '0', '5', '5', '0', '1', '1', '2'), ('15', '6', '0', '6', '2', '6', '2', '4', '5', '0', '4'), ('16', '4', '2', '5', '3', '4', '4', '6', '4', '2', '6'), ('17', '2', '1', '1', '5', '1', '6', '2', '3', '3', '0'), ('18', '1', '3', '2', '1', '0', '0', '1', '2', '6', '1'), ('19', '5', '6', '4', '4', '3', '3', '5', '0', '5', '3'), ('20', '3', '5', '0', '6', '2', '1', '3', '6', '4', '5'), ('21', '4', '3', '1', '1', '1', '4', '0', '2', '0', '3'), ('22', '1', '1', '4', '4', '3', '6', '6', '6', '3', '1'), ('23', '3', '6', '5', '3', '5', '5', '2', '3', '1', '4'), ('24', '0', '2', '0', '6', '6', '1', '5', '0', '5', '5'), ('25', '5', '0', '2', '5', '0', '0', '1', '4', '6', '2'), ('26', '6', '4', '3', '2', '4', '2', '3', '1', '4', '0'), ('27', '2', '5', '6', '0', '2', '3', '4', '5', '2', '6'), ('28', '5', '0', '3', '2', '0', '4', '5', '2', '3', '1'), ('29', '4', '6', '5', '5', '4', '5', '4', '1', '4', '0'), ('30', '2', '2', '2', '4', '2', '6', '0', '6', '1', '6'), ('31', '6', '3', '1', '1', '6', '3', '6', '5', '2', '3'), ('32', '1', '4', '6', '3', '3', '0', '1', '3', '6', '5'), ('33', '0', '1', '4', '6', '1', '2', '2', '4', '0', '2'), ('34', '3', '5', '0', '0', '5', '1', '3', '0', '5', '4'), ('35', '0', '2', '4', '3', '3', '3', '5', '4', '3', '5'), ('36', '1', '3', '3', '5', '6', '5', '6', '1', '1', '6'), ('37', '2', '1', '1', '6', '0', '6', '2', '6', '5', '0'), ('38', '6', '5', '6', '4', '1', '2', '1', '3', '2', '1'), ('39', '4', '4', '5', '2', '5', '1', '0', '5', '4', '4'), ('40', '5', '6', '0', '1', '4', '0', '4', '0', '6', '3'), ('41', '3', '0', '2', '0', '2', '4', '3', '2', '0', '2'), ('42', '6', '2', '6', '5', '1', '6', '4', '3', '1', '3'), ('43', '4', '1', '1', '1', '6', '2', '5', '1', '3', '5'), ('44', '5', '6', '2', '2', '5', '4', '6', '5', '6', '1'), ('45', '3', '3', '4', '0', '4', '3', '3', '6', '4', '2'), ('46', '2', '4', '3', '3', '0', '5', '0', '4', '2', '6'), ('47', '0', '0', '5', '4', '2', '1', '2', '0', '5', '4'), ('48', '1', '5', '0', '6', '3', '0', '1', '2', '0', '0'), ('49', '6', '0', '4', '2', '5', '1', '6', '4', '5', '2'), ('50', '1', '6', '1', '6', '1', '2', '1', '3', '0', '4'), ('51', '0', '1', '0', '1', '2', '3', '2', '2', '2', '0'), ('52', '2', '4', '3', '0', '3', '4', '3', '0', '6', '1'), ('53', '4', '5', '5', '5', '6', '6', '4', '5', '3', '3'), ('54', '3', '2', '2', '4', '0', '5', '0', '1', '1', '6'), ('55', '5', '3', '6', '3', '4', '0', '5', '6', '4', '5'), ('56', '0', '6', '3', '1', '0', '6', '3', '0', '5', '4'), ('57', '6', '5', '4', '2', '6', '3', '1', '3', '0', '2'), ('58', '4', '1', '1', '5', '4', '4', '2', '2', '4', '1'), ('59', '2', '2', '2', '6', '3', '5', '4', '5', '2', '6'), ('60', '5', '4', '6', '3', '5', '1', '5', '4', '6', '0'), ('61', '1', '3', '5', '0', '1', '2', '0', '1', '3', '3'), ('62', '3', '0', '0', '4', '2', '0', '6', '6', '1', '5'), ('63', '1', '2', '2', '5', '4', '1', '2', '2', '5', '6'), ('64', '0', '6', '0', '2', '0', '5', '6', '3', '4', '0'), ('65', '4', '1', '3', '1', '3', '3', '0', '6', '6', '2'), ('66', '2', '4', '6', '4', '2', '0', '3', '4', '2', '1'), ('67', '5', '3', '1', '0', '1', '4', '4', '1', '0', '3'), ('68', '3', '5', '4', '3', '6', '6', '5', '0', '3', '4'), ('69', '6', '0', '5', '6', '5', '2', '1', '5', '1', '5'), ('70', '5', '4', '3', '5', '0', '4', '6', '6', '2', '4'), ('71', '3', '5', '2', '6', '4', '6', '4', '2', '3', '0'), ('72', '4', '3', '4', '1', '5', '3', '2', '3', '5', '1'), ('73', '6', '6', '0', '4', '2', '0', '0', '1', '6', '5'), ('74', '2', '0', '5', '2', '1', '5', '1', '0', '1', '3'), ('75', '1', '2', '1', '0', '6', '2', '5', '5', '0', '6'), ('76', '0', '1', '6', '3', '3', '1', '3', '4', '4', '2'), ('77', '5', '3', '0', '0', '2', '3', '0', '6', '1', '6'), ('78', '3', '5', '1', '6', '6', '4', '2', '0', '2', '1'), ('79', '2', '2', '4', '1', '0', '0', '3', '4', '3', '3'), ('80', '4', '0', '5', '4', '1', '2', '5', '2', '6', '5'), ('81', '1', '6', '3', '2', '4', '1', '6', '5', '4', '0'), ('82', '6', '4', '6', '3', '5', '5', '4', '3', '5', '2'), ('83', '0', '1', '2', '5', '3', '6', '1', '1', '0', '4'), ('84', '6', '0', '3', '4', '4', '2', '4', '3', '5', '2'), ('85', '3', '6', '0', '3', '6', '0', '5', '1', '4', '4'), ('86', '4', '3', '6', '0', '1', '5', '1', '0', '3', '3'), ('87', '0', '2', '5', '6', '0', '3', '2', '2', '2', '1'), ('88', '5', '4', '2', '2', '5', '6', '6', '6', '0', '6'), ('89', '1', '5', '1', '1', '3', '4', '0', '5', '1', '5'), ('90', '2', '1', '4', '5', '2', '1', '3', '4', '6', '0'), ('91', '6', '5', '1', '6', '4', '4', '5', '0', '2', '6'), ('92', '0', '4', '3', '4', '1', '2', '3', '2', '0', '1'), ('93', '3', '2', '5', '2', '5', '0', '0', '5', '4', '4'), ('94', '2', '3', '4', '5', '2', '3', '1', '4', '6', '0'), ('95', '4', '6', '6', '3', '0', '6', '2', '1', '5', '5'), ('96', '5', '0', '2', '0', '6', '1', '4', '3', '1', '2'), ('97', '1', '1', '0', '1', '3', '5', '6', '6', '3', '3'), ('98', '3', '2', '5', '5', '1', '2', '1', '2', '1', '6'), ('99', '6', '5', '1', '3', '6', '6', '2', '0', '0', '0');
INSERT INTO `table_level2scene` VALUES ('100', '0', '4', '0', '4', '0', '4', '0', '3', '2', '4'), ('101', '4', '0', '6', '1', '2', '1', '5', '6', '5', '2'), ('102', '5', '6', '3', '0', '5', '5', '3', '1', '3', '5'), ('103', '1', '3', '2', '2', '4', '3', '4', '4', '4', '3'), ('104', '2', '1', '4', '6', '3', '0', '6', '5', '6', '1'), ('105', '0', '5', '6', '4', '1', '4', '5', '1', '1', '3'), ('106', '2', '1', '2', '0', '3', '0', '4', '2', '5', '6'), ('107', '5', '2', '5', '2', '6', '2', '3', '0', '6', '5'), ('108', '4', '4', '4', '1', '5', '1', '0', '3', '2', '2'), ('109', '1', '3', '3', '6', '2', '5', '6', '6', '4', '4'), ('110', '6', '6', '1', '5', '4', '3', '2', '4', '3', '1'), ('111', '3', '0', '0', '3', '0', '6', '1', '5', '0', '0'), ('112', '2', '4', '1', '6', '5', '5', '6', '4', '4', '5'), ('113', '5', '5', '0', '5', '4', '6', '2', '5', '6', '3'), ('114', '4', '1', '4', '4', '0', '4', '0', '0', '1', '2'), ('115', '0', '6', '3', '2', '6', '0', '4', '2', '2', '1'), ('116', '6', '3', '2', '1', '1', '2', '3', '6', '5', '6'), ('117', '3', '2', '6', '0', '2', '1', '5', '1', '3', '0'), ('118', '1', '0', '5', '3', '3', '3', '1', '3', '0', '4'), ('119', '6', '1', '1', '2', '0', '0', '3', '1', '3', '6'), ('120', '3', '3', '0', '0', '5', '3', '6', '4', '5', '3'), ('121', '4', '4', '4', '4', '6', '5', '5', '2', '1', '4'), ('122', '2', '5', '5', '5', '1', '6', '1', '0', '0', '1'), ('123', '0', '0', '2', '3', '4', '4', '4', '3', '6', '5'), ('124', '5', '6', '6', '6', '3', '1', '2', '6', '4', '0'), ('125', '1', '2', '3', '1', '2', '2', '0', '5', '2', '2'), ('126', '2', '3', '5', '6', '5', '4', '2', '4', '1', '6'), ('127', '6', '5', '6', '2', '3', '2', '4', '5', '4', '5'), ('128', '5', '6', '2', '3', '2', '3', '3', '0', '2', '4'), ('129', '1', '2', '1', '5', '0', '1', '5', '2', '3', '0'), ('130', '3', '0', '4', '1', '6', '6', '0', '3', '6', '3'), ('131', '0', '4', '3', '4', '1', '5', '6', '1', '5', '1'), ('132', '4', '1', '0', '0', '4', '0', '1', '6', '0', '2'), ('133', '3', '3', '1', '5', '6', '4', '4', '5', '2', '3'), ('134', '1', '5', '0', '2', '3', '5', '5', '1', '1', '1'), ('135', '2', '2', '4', '4', '2', '6', '1', '6', '5', '6'), ('136', '5', '1', '6', '0', '5', '3', '2', '3', '4', '4'), ('137', '6', '0', '5', '6', '1', '2', '6', '0', '6', '5'), ('138', '4', '6', '2', '3', '4', '1', '3', '2', '0', '0'), ('139', '0', '4', '3', '1', '0', '0', '0', '4', '3', '2'), ('140', '2', '3', '4', '5', '4', '3', '6', '3', '6', '6'), ('141', '6', '4', '0', '6', '5', '6', '5', '2', '4', '5'), ('142', '0', '0', '2', '1', '6', '4', '2', '6', '1', '0'), ('143', '3', '2', '6', '4', '0', '0', '1', '5', '3', '3'), ('144', '5', '1', '1', '2', '1', '2', '0', '0', '2', '1'), ('145', '1', '6', '3', '3', '3', '1', '3', '4', '0', '2'), ('146', '4', '5', '5', '0', '2', '5', '4', '1', '5', '4'), ('147', '1', '1', '4', '4', '1', '0', '5', '0', '0', '1'), ('148', '0', '2', '0', '3', '3', '4', '1', '1', '2', '0'), ('149', '6', '6', '3', '1', '6', '1', '4', '2', '1', '6'), ('150', '5', '4', '6', '6', '5', '6', '3', '4', '6', '3'), ('151', '3', '3', '5', '2', '2', '2', '0', '5', '4', '5'), ('152', '4', '0', '1', '5', '0', '3', '2', '6', '5', '2'), ('153', '2', '5', '2', '0', '4', '5', '6', '3', '3', '4'), ('154', '0', '6', '3', '2', '2', '1', '4', '5', '4', '1'), ('155', '3', '4', '4', '5', '4', '2', '3', '6', '5', '6'), ('156', '4', '0', '0', '6', '1', '0', '1', '1', '6', '0'), ('157', '5', '2', '6', '1', '6', '3', '0', '2', '0', '4'), ('158', '1', '3', '1', '4', '5', '6', '6', '4', '2', '3'), ('159', '6', '1', '5', '3', '0', '5', '5', '3', '3', '5'), ('160', '2', '5', '2', '0', '3', '4', '2', '0', '1', '2'), ('161', '0', '1', '6', '2', '4', '0', '0', '2', '3', '1'), ('162', '1', '6', '2', '5', '6', '6', '6', '6', '4', '2'), ('163', '5', '5', '0', '6', '0', '2', '5', '3', '5', '3'), ('164', '6', '2', '4', '3', '3', '3', '2', '5', '0', '4'), ('165', '4', '0', '3', '0', '2', '1', '1', '4', '6', '5'), ('166', '2', '3', '5', '4', '5', '5', '4', '0', '2', '6'), ('167', '3', '4', '1', '1', '1', '4', '3', '1', '1', '0'), ('168', '2', '3', '4', '4', '5', '0', '5', '3', '6', '5'), ('169', '3', '4', '2', '0', '6', '2', '6', '0', '3', '0'), ('170', '6', '6', '5', '1', '2', '1', '0', '2', '4', '6'), ('171', '1', '2', '3', '3', '4', '5', '2', '1', '0', '3'), ('172', '0', '1', '6', '5', '3', '4', '4', '4', '5', '2'), ('173', '5', '0', '0', '2', '0', '3', '3', '5', '1', '1'), ('174', '4', '5', '1', '6', '1', '6', '1', '6', '2', '4'), ('175', '2', '1', '4', '2', '0', '1', '0', '2', '1', '0'), ('176', '1', '4', '2', '4', '5', '4', '3', '4', '3', '4'), ('177', '3', '5', '1', '1', '3', '0', '1', '1', '0', '3'), ('178', '5', '0', '5', '3', '4', '3', '4', '0', '5', '6'), ('179', '6', '6', '3', '0', '2', '2', '2', '6', '2', '1'), ('180', '4', '3', '6', '6', '6', '6', '5', '5', '4', '5'), ('181', '0', '2', '0', '5', '1', '5', '6', '3', '6', '2'), ('182', '3', '0', '4', '0', '5', '4', '4', '4', '1', '1'), ('183', '5', '4', '2', '1', '6', '1', '1', '5', '6', '3'), ('184', '6', '6', '1', '4', '0', '3', '0', '3', '3', '2'), ('185', '1', '1', '6', '6', '1', '5', '3', '1', '4', '0'), ('186', '4', '5', '0', '3', '4', '0', '5', '0', '0', '6'), ('187', '0', '2', '5', '2', '3', '2', '2', '6', '2', '5'), ('188', '2', '3', '3', '5', '2', '6', '6', '2', '5', '4'), ('189', '0', '2', '6', '1', '6', '5', '2', '1', '0', '5'), ('190', '3', '5', '1', '0', '5', '0', '6', '2', '5', '4'), ('191', '6', '1', '3', '4', '4', '3', '4', '0', '4', '0'), ('192', '2', '0', '0', '3', '3', '6', '0', '5', '1', '2'), ('193', '5', '4', '2', '2', '0', '4', '3', '4', '2', '6'), ('194', '4', '6', '5', '6', '1', '1', '5', '3', '6', '1'), ('195', '1', '3', '4', '5', '2', '2', '1', '6', '3', '3'), ('196', '0', '2', '5', '6', '0', '1', '3', '0', '1', '6'), ('197', '5', '0', '4', '0', '5', '6', '0', '2', '5', '1'), ('198', '1', '5', '6', '3', '3', '5', '1', '5', '0', '3'), ('199', '4', '3', '3', '2', '6', '4', '6', '6', '2', '5');
COMMIT;

-- ----------------------------
-- Table structure for table_parter_upgrade
-- ----------------------------
DROP TABLE IF EXISTS `table_parter_upgrade`;
CREATE TABLE `table_parter_upgrade` (
`level`  int(7) NOT NULL ,
`cost`  bigint(40) NULL DEFAULT NULL ,
`effadd`  bigint(40) NULL DEFAULT NULL ,
PRIMARY KEY (`level`)
)
ENGINE=InnoDB
DEFAULT CHARACTER SET=utf8 COLLATE=utf8_general_ci

;

-- ----------------------------
-- Records of table_parter_upgrade
-- ----------------------------
BEGIN;
INSERT INTO `table_parter_upgrade` VALUES ('1', '2', '2'), ('2', '4', '4'), ('3', '5', '6'), ('4', '8', '8'), ('5', '10', '10'), ('6', '10', '11'), ('7', '10', '13'), ('8', '10', '15'), ('9', '13', '17'), ('10', '18', '19'), ('11', '18', '22'), ('12', '18', '24'), ('13', '18', '24'), ('14', '18', '26'), ('15', '34', '26'), ('16', '34', '28'), ('17', '34', '28'), ('18', '34', '30'), ('19', '34', '30'), ('20', '56', '32'), ('21', '56', '32'), ('22', '56', '34'), ('23', '56', '34'), ('24', '56', '36'), ('25', '57', '36'), ('26', '57', '44'), ('27', '57', '44'), ('28', '57', '46'), ('29', '57', '46'), ('30', '75', '49'), ('31', '75', '49'), ('32', '75', '51'), ('33', '75', '51'), ('34', '75', '53'), ('35', '83', '53'), ('36', '83', '56'), ('37', '83', '56'), ('38', '83', '58'), ('39', '83', '58'), ('40', '98', '61'), ('41', '98', '61'), ('42', '98', '63'), ('43', '98', '63'), ('44', '98', '65'), ('45', '105', '65'), ('46', '105', '68'), ('47', '105', '68'), ('48', '110', '70'), ('49', '138', '70'), ('50', '168', '73'), ('51', '168', '78'), ('52', '168', '81'), ('53', '168', '81'), ('54', '204', '83'), ('55', '250', '83'), ('56', '250', '86'), ('57', '250', '86'), ('58', '264', '88'), ('59', '329', '88'), ('60', '404', '91'), ('61', '404', '91'), ('62', '404', '93'), ('63', '425', '93'), ('64', '530', '96'), ('65', '651', '96'), ('66', '651', '99'), ('67', '651', '99'), ('68', '678', '101'), ('69', '839', '101'), ('70', '1025', '104'), ('71', '1025', '104'), ('72', '1025', '106'), ('73', '1160', '106'), ('74', '1427', '109'), ('75', '1734', '109'), ('76', '1734', '112'), ('77', '1734', '112'), ('78', '1978', '114'), ('79', '2418', '114'), ('80', '2926', '117'), ('81', '2926', '117'), ('82', '2926', '238'), ('83', '3363', '238'), ('84', '4089', '243'), ('85', '4927', '243'), ('86', '4927', '248'), ('87', '4927', '248'), ('88', '5702', '253'), ('89', '6899', '253'), ('90', '8280', '259'), ('91', '8280', '259'), ('92', '8349', '264'), ('93', '9642', '264'), ('94', '11617', '269'), ('95', '13890', '269'), ('96', '13890', '274'), ('97', '14118', '274'), ('98', '16269', '279'), ('99', '19523', '279'), ('100', '23265', '284');
INSERT INTO `table_parter_upgrade` VALUES ('101', '23623', '340'), ('102', '28151', '347'), ('103', '32157', '347'), ('104', '37993', '353'), ('105', '44676', '353'), ('106', '45972', '359'), ('107', '54058', '359'), ('108', '61381', '365'), ('109', '71738', '365'), ('110', '83554', '371'), ('111', '86805', '371'), ('112', '101101', '378'), ('113', '114301', '378'), ('114', '132528', '384'), ('115', '153256', '384'), ('116', '160360', '390'), ('117', '185441', '390'), ('118', '208959', '396'), ('119', '240803', '396'), ('120', '276920', '402'), ('121', '291372', '402'), ('122', '335074', '408'), ('123', '376595', '408'), ('124', '431883', '415'), ('125', '494464', '415'), ('126', '522578', '421'), ('127', '598300', '421'), ('128', '671034', '427'), ('129', '766530', '427'), ('130', '874412', '433'), ('131', '927501', '433'), ('132', '1058036', '439'), ('133', '1184623', '439'), ('134', '1348808', '446'), ('135', '1533985', '446'), ('136', '1632058', '452'), ('137', '1856122', '452'), ('138', '2075207', '458'), ('139', '2356362', '458'), ('140', '2673000', '464'), ('141', '2851200', '464'), ('142', '3234330', '470'), ('143', '3611669', '470'), ('144', '4091429', '476'), ('145', '4631021', '476'), ('146', '4950627', '483'), ('147', '5603539', '483'), ('148', '6250706', '489'), ('149', '7066768', '489'), ('150', '7983540', '495'), ('151', '8550790', '495'), ('152', '9660084', '501'), ('153', '10765909', '501'), ('154', '12150099', '507'), ('155', '13703465', '507'), ('156', '14701618', '514'), ('157', '16581192', '514'), ('158', '18464491', '520'), ('159', '20806326', '520'), ('160', '23431892', '526'), ('161', '25175658', '526'), ('162', '28352585', '532'), ('163', '31550495', '532'), ('164', '35503372', '538'), ('165', '39931320', '538'), ('166', '42959080', '544'), ('167', '48316899', '544'), ('168', '53732640', '551'), ('169', '60390817', '551'), ('170', '67843303', '557'), ('171', '73072888', '557'), ('172', '82090396', '563'), ('173', '91240050', '563'), ('174', '102433419', '569'), ('175', '114953064', '569'), ('176', '123944444', '575'), ('177', '139093204', '575'), ('178', '154517403', '582'), ('179', '173301871', '582'), ('180', '194298061', '588'), ('181', '209695267', '588'), ('182', '235100656', '594'), ('183', '261050446', '594'), ('184', '292522880', '600'), ('185', '327679303', '600'), ('186', '353952687', '606'), ('187', '396491953', '606'), ('188', '440070352', '612'), ('189', '492721623', '612'), ('190', '551502446', '619'), ('191', '596193162', '619'), ('192', '667317965', '625'), ('193', '740377781', '625'), ('194', '828337189', '631'), ('195', '926484702', '631'), ('196', '1002287998', '637'), ('197', '1121046496', '637'), ('198', '1243342470', '643'), ('199', '1390097652', '643'), ('200', '1553770440', '650');
INSERT INTO `table_parter_upgrade` VALUES ('201', '1682018159', '729'), ('202', '1880062236', '736');
COMMIT;

-- ----------------------------
-- Table structure for table_scene_loot_equiplist
-- ----------------------------
DROP TABLE IF EXISTS `table_scene_loot_equiplist`;
CREATE TABLE `table_scene_loot_equiplist` (
`sceneid`  int(3) NOT NULL ,
`equiplistid`  int(4) NULL DEFAULT NULL ,
`big_luck_num`  int(7) NULL DEFAULT NULL ,
`small_luck_num`  int(7) NULL DEFAULT NULL ,
`big_luck_id`  int(4) NULL DEFAULT NULL ,
`small_luck_id`  int(4) NULL DEFAULT NULL ,
PRIMARY KEY (`sceneid`)
)
ENGINE=InnoDB
DEFAULT CHARACTER SET=utf8 COLLATE=utf8_general_ci

;

-- ----------------------------
-- Records of table_scene_loot_equiplist
-- ----------------------------
BEGIN;
INSERT INTO `table_scene_loot_equiplist` VALUES ('0', '1', '10', '5', '7', '6'), ('1', '2', '10', '5', '7', '6'), ('2', '3', '10', '5', '7', '6'), ('3', '4', '10', '5', '7', '6'), ('4', '5', '10', '5', '7', '6'), ('5', '6', '10', '5', '7', '6'), ('6', '7', '10', '5', '7', '6');
COMMIT;

-- ----------------------------
-- Table structure for table_set_equipment
-- ----------------------------
DROP TABLE IF EXISTS `table_set_equipment`;
CREATE TABLE `table_set_equipment` (
`id`  int(4) NOT NULL ,
`partcount`  int(2) NULL DEFAULT NULL ,
`equip1`  int(5) NULL DEFAULT NULL ,
`equip2`  int(5) NULL DEFAULT NULL ,
`equip3`  int(5) NULL DEFAULT NULL ,
`equip4`  int(5) NULL DEFAULT NULL ,
`equip5`  int(5) NULL DEFAULT NULL ,
`equip6`  int(5) NULL DEFAULT NULL ,
`efftype1`  int(5) NULL DEFAULT NULL ,
`effvalue1`  int(5) NULL DEFAULT NULL ,
`efftype2`  int(5) NULL DEFAULT NULL ,
`effvalue2`  int(5) NULL DEFAULT NULL ,
`efftype3`  int(5) NULL DEFAULT NULL ,
`effvalue3`  int(5) NULL DEFAULT NULL ,
`skill1`  int(5) NULL DEFAULT NULL ,
`skill2`  int(5) NULL DEFAULT NULL ,
`bluerate`  varchar(5) CHARACTER SET utf8 COLLATE utf8_general_ci NULL DEFAULT NULL ,
`greenrate`  varchar(5) CHARACTER SET utf8 COLLATE utf8_general_ci NULL DEFAULT NULL ,
`violetrate`  varchar(5) CHARACTER SET utf8 COLLATE utf8_general_ci NULL DEFAULT NULL ,
`goldenrate`  varchar(5) CHARACTER SET utf8 COLLATE utf8_general_ci NULL DEFAULT NULL ,
PRIMARY KEY (`id`)
)
ENGINE=InnoDB
DEFAULT CHARACTER SET=utf8 COLLATE=utf8_general_ci

;

-- ----------------------------
-- Records of table_set_equipment
-- ----------------------------
BEGIN;
INSERT INTO `table_set_equipment` VALUES ('0', '6', '1000', '1001', '1002', '1003', '1004', '1005', '-1', '-1', '-1', '-1', '-1', '-1', '-1', '-1', '1.5', '1', '2', '3'), ('1', '2', '1006', '3000', '-1', '-1', '-1', '-1', '-1', '-1', '-1', '-1', '-1', '-1', '-1', '-1', '1.5', '1', '2', '3'), ('2', '6', '2000', '2001', '2002', '2003', '2004', '2005', '-1', '-1', '-1', '-1', '-1', '-1', '-1', '-1', '1.5', '1', '2', '3'), ('3', '2', '3001', '6004', '-1', '-1', '-1', '-1', '-1', '-1', '-1', '-1', '-1', '-1', '-1', '-1', '1.5', '1', '2', '3'), ('4', '2', '3003', '3005', '-1', '-1', '-1', '-1', '-1', '-1', '-1', '-1', '-1', '-1', '-1', '-1', '1.5', '1', '2', '3'), ('5', '2', '3004', '3006', '-1', '-1', '-1', '-1', '-1', '-1', '-1', '-1', '-1', '-1', '-1', '-1', '1.5', '1', '2', '3'), ('6', '6', '4000', '4001', '4002', '4003', '4004', '4005', '-1', '-1', '-1', '-1', '-1', '-1', '-1', '-1', '1.5', '1', '2', '3'), ('7', '3', '5000', '5001', '5002', '-1', '-1', '-1', '-1', '-1', '-1', '-1', '-1', '-1', '-1', '-1', '1.5', '1', '2', '3'), ('8', '4', '6000', '6001', '6002', '6003', '-1', '-1', '-1', '-1', '-1', '-1', '-1', '-1', '-1', '-1', '1.5', '1', '2', '3'), ('9', '6', '7000', '7001', '7002', '7003', '7004', '7005', '-1', '-1', '-1', '-1', '-1', '-1', '-1', '-1', '1.5', '1', '2', '3');
COMMIT;
