/*
Navicat MySQL Data Transfer

Source Server         : local
Source Server Version : 50540
Source Host           : localhost:3306
Source Database       : tap_titan_game

Target Server Type    : MYSQL
Target Server Version : 50699
File Encoding         : 65001

Date: 2015-04-22 16:08:13
*/

SET FOREIGN_KEY_CHECKS=0;

-- ----------------------------
-- Table structure for table_buffs
-- ----------------------------
DROP TABLE IF EXISTS `table_buffs`;
CREATE TABLE `table_buffs` (
`bufftype`  int(4) NULL DEFAULT NULL ,
`caltype`  int(2) NULL DEFAULT NULL ,
`discount`  int(3) NULL DEFAULT NULL 
)
ENGINE=InnoDB
DEFAULT CHARACTER SET=utf8 COLLATE=utf8_general_ci

;

-- ----------------------------
-- Records of table_buffs
-- ----------------------------
BEGIN;
INSERT INTO `table_buffs` VALUES ('1', '2', '30'), ('2', '1', '30'), ('3', '2', '30'), ('4', '1', '30'), ('5', '2', '30'), ('6', '2', '30'), ('7', '2', '30'), ('8', '2', '30'), ('9', '2', '30'), ('10', '1', '30'), ('11', '2', '30'), ('12', '1', '30'), ('13', '1', '30'), ('14', '2', '30'), ('15', '2', '100'), ('16', '2', '100'), ('17', '2', '100'), ('18', '2', '100'), ('19', '2', '100'), ('20', '2', '100'), ('21', '2', '100'), ('22', '2', '100'), ('23', '2', '100'), ('24', '2', '100'), ('25', '2', '100');
COMMIT;

-- ----------------------------
-- Table structure for table_equiplist
-- ----------------------------
DROP TABLE IF EXISTS `table_equiplist`;
CREATE TABLE `table_equiplist` (
`droplistid`  int(4) NOT NULL ,
`noequip_pow`  int(4) NULL DEFAULT NULL ,
`equip1_id`  int(4) NULL DEFAULT NULL ,
`equip1_levelid`  int(6) NULL DEFAULT NULL ,
`equip1_pow`  int(4) NULL DEFAULT NULL ,
`equip2_id`  int(4) NULL DEFAULT NULL ,
`equip2_levelid`  int(6) NULL DEFAULT NULL ,
`equip2_pow`  int(4) NULL DEFAULT NULL ,
`equip3_id`  int(4) NULL DEFAULT NULL ,
`equip3_levelid`  int(6) NULL DEFAULT NULL ,
`equip3_pow`  int(4) NULL DEFAULT NULL ,
PRIMARY KEY (`droplistid`)
)
ENGINE=InnoDB
DEFAULT CHARACTER SET=utf8 COLLATE=utf8_general_ci

;

-- ----------------------------
-- Records of table_equiplist
-- ----------------------------
BEGIN;
INSERT INTO `table_equiplist` VALUES ('1', '5000', '1000', '10', '2000', '1001', '50', '2000', '1002', '100', '1000'), ('2', '5000', '2000', '10', '2000', '2001', '50', '2000', '2002', '100', '1000'), ('3', '5000', '3000', '10', '2000', '3001', '50', '2000', '3002', '100', '1000'), ('4', '5000', '4000', '10', '2000', '4001', '50', '2000', '4002', '100', '1000'), ('5', '5000', '5000', '10', '2000', '5001', '100', '2000', '5002', '200', '1000'), ('6', '5000', '6000', '10', '2000', '6001', '100', '2000', '6002', '200', '1000'), ('7', '5000', '7000', '10', '2000', '7001', '100', '2000', '7002', '200', '1000');
COMMIT;

-- ----------------------------
-- Table structure for table_hero
-- ----------------------------
DROP TABLE IF EXISTS `table_hero`;
CREATE TABLE `table_hero` (
`id`  int(4) NOT NULL ,
`atkinterval`  int(4) NULL DEFAULT NULL ,
`dps`  int(4) NULL DEFAULT NULL ,
`propmodify`  varchar(10) CHARACTER SET utf8 COLLATE utf8_general_ci NULL DEFAULT NULL ,
`skills`  varchar(20) CHARACTER SET utf8 COLLATE utf8_general_ci NULL DEFAULT NULL ,
PRIMARY KEY (`id`)
)
ENGINE=InnoDB
DEFAULT CHARACTER SET=utf8 COLLATE=utf8_general_ci

;

-- ----------------------------
-- Records of table_hero
-- ----------------------------
BEGIN;
INSERT INTO `table_hero` VALUES ('1', '1', '10', '2', '0'), ('2', '1', '10', '1', '0'), ('3', '1', '10', '1', '0'), ('4', '1', '10', '1', '0'), ('5', '1', '10', '1', '0'), ('6', '1', '10', '1', '0'), ('7', '1', '10', '2', '0'), ('8', '1', '10', '2', '0'), ('9', '1', '10', '1', '0'), ('10', '1', '10', '1', '0'), ('11', '1', '10', '1', '0'), ('12', '1', '10', '1', '0'), ('13', '1', '10', '2', '0'), ('14', '1', '10', '1', '0'), ('15', '1', '10', '2', '0'), ('16', '1', '10', '2', '0'), ('17', '1', '10', '2', '0'), ('18', '1', '10', '2', '0'), ('19', '1', '10', '2', '0'), ('20', '1', '10', '2', '0'), ('21', '1', '10', '2', '0'), ('22', '1', '10', '2', '0'), ('23', '1', '10', '2', '0'), ('24', '1', '10', '2', '0'), ('25', '1', '10', '2', '0'), ('26', '1', '10', '2', '0'), ('27', '1', '10', '2', '0'), ('28', '1', '10', '2', '0'), ('29', '1', '10', '2', '0'), ('30', '1', '10', '2', '0'), ('50000', '0', '10', '2', '1,2,3,4,5,6,7');
COMMIT;

-- ----------------------------
-- Table structure for table_hero_skill
-- ----------------------------
DROP TABLE IF EXISTS `table_hero_skill`;
CREATE TABLE `table_hero_skill` (
`table_hero_skill_id`  int(4) NOT NULL ,
`skill_level`  int(4) NOT NULL ,
`unlock_level`  int(7) NULL DEFAULT NULL ,
`upcost`  int(20) NULL DEFAULT NULL ,
`type`  int(1) NULL DEFAULT NULL ,
`cd`  int(4) NULL DEFAULT NULL ,
`duration`  int(4) NULL DEFAULT NULL ,
`trigglerate`  int(4) NULL DEFAULT NULL ,
`applytimes`  int(4) NULL DEFAULT NULL ,
`applytarget`  int(4) NULL DEFAULT NULL ,
`applaytargetnum`  int(4) NULL DEFAULT NULL ,
`effecttype0`  int(3) NULL DEFAULT NULL ,
`effectvalue0`  int(3) NULL DEFAULT NULL ,
`buffvalue0`  int(3) NULL DEFAULT NULL ,
`spawnnewid`  int(3) NULL DEFAULT NULL ,
PRIMARY KEY (`table_hero_skill_id`, `skill_level`)
)
ENGINE=InnoDB
DEFAULT CHARACTER SET=utf8 COLLATE=utf8_general_ci

;

-- ----------------------------
-- Records of table_hero_skill
-- ----------------------------
BEGIN;
INSERT INTO `table_hero_skill` VALUES ('1', '1', '20', '500', '0', '600', '0', '100', '1', '0', '1', '0', '0', '0', '0'), ('1', '2', '80', '1500', '0', '600', '0', '100', '1', '0', '1', '0', '0', '0', '0'), ('1', '3', '140', '4500', '0', '600', '0', '100', '1', '0', '1', '0', '0', '0', '0'), ('1', '4', '200', '13500', '0', '600', '0', '100', '1', '0', '1', '0', '0', '0', '0'), ('1', '5', '260', '40500', '0', '600', '0', '100', '1', '0', '1', '0', '0', '0', '0'), ('1', '6', '320', '121500', '0', '600', '0', '100', '1', '0', '1', '0', '0', '0', '0'), ('1', '7', '380', '364500', '0', '600', '0', '100', '1', '0', '1', '0', '0', '0', '0'), ('1', '8', '440', '1093500', '0', '600', '0', '100', '1', '0', '1', '0', '0', '0', '0'), ('1', '9', '500', '3280500', '0', '600', '0', '100', '1', '0', '1', '0', '0', '0', '0'), ('1', '10', '560', '9841500', '0', '600', '0', '100', '1', '0', '1', '0', '0', '0', '8'), ('2', '1', '20', '500', '0', '600', '0', '100', '1', '0', '1', '0', '0', '0', '0'), ('2', '2', '80', '1500', '0', '600', '0', '100', '1', '0', '1', '0', '0', '0', '0'), ('2', '3', '140', '4500', '0', '600', '0', '100', '1', '0', '1', '0', '0', '0', '0'), ('2', '4', '200', '13500', '0', '600', '0', '100', '1', '0', '1', '0', '0', '0', '0'), ('2', '5', '260', '40500', '0', '600', '0', '100', '1', '0', '1', '0', '0', '0', '0'), ('2', '6', '320', '121500', '0', '600', '0', '100', '1', '0', '1', '0', '0', '0', '0'), ('2', '7', '380', '364500', '0', '600', '0', '100', '1', '0', '1', '0', '0', '0', '0'), ('2', '8', '440', '1093500', '0', '600', '0', '100', '1', '0', '1', '0', '0', '0', '0'), ('2', '9', '500', '3280500', '0', '600', '0', '100', '1', '0', '1', '0', '0', '0', '0'), ('2', '10', '560', '9841500', '0', '600', '0', '100', '1', '0', '1', '0', '0', '0', '8'), ('3', '1', '20', '500', '0', '600', '0', '100', '1', '0', '1', '0', '0', '0', '0'), ('3', '2', '80', '1500', '0', '600', '0', '100', '1', '0', '1', '0', '0', '0', '0'), ('3', '3', '140', '4500', '0', '600', '0', '100', '1', '0', '1', '0', '0', '0', '0'), ('3', '4', '200', '13500', '0', '600', '0', '100', '1', '0', '1', '0', '0', '0', '0'), ('3', '5', '260', '40500', '0', '600', '0', '100', '1', '0', '1', '0', '0', '0', '0'), ('3', '6', '320', '121500', '0', '600', '0', '100', '1', '0', '1', '0', '0', '0', '0'), ('3', '7', '380', '364500', '0', '600', '0', '100', '1', '0', '1', '0', '0', '0', '0'), ('3', '8', '440', '1093500', '0', '600', '0', '100', '1', '0', '1', '0', '0', '0', '0'), ('3', '9', '500', '3280500', '0', '600', '0', '100', '1', '0', '1', '0', '0', '0', '0'), ('3', '10', '560', '9841500', '0', '600', '0', '100', '1', '0', '1', '0', '0', '0', '8'), ('4', '1', '20', '500', '0', '600', '0', '100', '1', '0', '1', '0', '0', '0', '0'), ('4', '2', '80', '1500', '0', '600', '0', '100', '1', '0', '1', '0', '0', '0', '0'), ('4', '3', '140', '4500', '0', '600', '0', '100', '1', '0', '1', '0', '0', '0', '0'), ('4', '4', '200', '13500', '0', '600', '0', '100', '1', '0', '1', '0', '0', '0', '0'), ('4', '5', '260', '40500', '0', '600', '0', '100', '1', '0', '1', '0', '0', '0', '0'), ('4', '6', '320', '121500', '0', '600', '0', '100', '1', '0', '1', '0', '0', '0', '0'), ('4', '7', '380', '364500', '0', '600', '0', '100', '1', '0', '1', '0', '0', '0', '0'), ('4', '8', '440', '1093500', '0', '600', '0', '100', '1', '0', '1', '0', '0', '0', '0'), ('4', '9', '500', '3280500', '0', '600', '0', '100', '1', '0', '1', '0', '0', '0', '0'), ('4', '10', '560', '9841500', '0', '600', '0', '100', '1', '0', '1', '0', '0', '0', '8'), ('5', '1', '20', '500', '0', '600', '0', '100', '1', '0', '1', '0', '0', '0', '0'), ('5', '2', '80', '1500', '0', '600', '0', '100', '1', '0', '1', '0', '0', '0', '0'), ('5', '3', '140', '4500', '0', '600', '0', '100', '1', '0', '1', '0', '0', '0', '0'), ('5', '4', '200', '13500', '0', '600', '0', '100', '1', '0', '1', '0', '0', '0', '0'), ('5', '5', '260', '40500', '0', '600', '0', '100', '1', '0', '1', '0', '0', '0', '0'), ('5', '6', '320', '121500', '0', '600', '0', '100', '1', '0', '1', '0', '0', '0', '0'), ('5', '7', '380', '364500', '0', '600', '0', '100', '1', '0', '1', '0', '0', '0', '0'), ('5', '8', '440', '1093500', '0', '600', '0', '100', '1', '0', '1', '0', '0', '0', '0'), ('5', '9', '500', '3280500', '0', '600', '0', '100', '1', '0', '1', '0', '0', '0', '0'), ('5', '10', '560', '9841500', '0', '600', '0', '100', '1', '0', '1', '0', '0', '0', '8'), ('6', '1', '20', '500', '0', '600', '0', '100', '1', '0', '1', '0', '0', '0', '0'), ('6', '2', '80', '1500', '0', '600', '0', '100', '1', '0', '1', '0', '0', '0', '0'), ('6', '3', '140', '4500', '0', '600', '0', '100', '1', '0', '1', '0', '0', '0', '0'), ('6', '4', '200', '13500', '0', '600', '0', '100', '1', '0', '1', '0', '0', '0', '0'), ('6', '5', '260', '40500', '0', '600', '0', '100', '1', '0', '1', '0', '0', '0', '0'), ('6', '6', '320', '121500', '0', '600', '0', '100', '1', '0', '1', '0', '0', '0', '0'), ('6', '7', '380', '364500', '0', '600', '0', '100', '1', '0', '1', '0', '0', '0', '0'), ('6', '8', '440', '1093500', '0', '600', '0', '100', '1', '0', '1', '0', '0', '0', '0'), ('6', '9', '500', '3280500', '0', '600', '0', '100', '1', '0', '1', '0', '0', '0', '0'), ('6', '10', '560', '9841500', '0', '600', '0', '100', '1', '0', '1', '0', '0', '0', '8'), ('7', '1', '20', '500', '0', '600', '0', '100', '1', '0', '1', '0', '0', '0', '0'), ('7', '2', '80', '1500', '0', '600', '0', '100', '1', '0', '1', '0', '0', '0', '0'), ('7', '3', '140', '4500', '0', '600', '0', '100', '1', '0', '1', '0', '0', '0', '0'), ('7', '4', '200', '13500', '0', '600', '0', '100', '1', '0', '1', '0', '0', '0', '0'), ('7', '5', '260', '40500', '0', '600', '0', '100', '1', '0', '1', '0', '0', '0', '0'), ('7', '6', '320', '121500', '0', '600', '0', '100', '1', '0', '1', '0', '0', '0', '0'), ('7', '7', '380', '364500', '0', '600', '0', '100', '1', '0', '1', '0', '0', '0', '0'), ('7', '8', '440', '1093500', '0', '600', '0', '100', '1', '0', '1', '0', '0', '0', '0'), ('7', '9', '500', '3280500', '0', '600', '0', '100', '1', '0', '1', '0', '0', '0', '0'), ('7', '10', '560', '9841500', '0', '600', '0', '100', '1', '0', '1', '0', '0', '0', '8');
COMMIT;

-- ----------------------------
-- Table structure for table_hero_unlock
-- ----------------------------
DROP TABLE IF EXISTS `table_hero_unlock`;
CREATE TABLE `table_hero_unlock` (
`orderid`  int(5) NOT NULL ,
`cost`  int(20) NULL DEFAULT NULL ,
`droplibs`  int(5) NULL DEFAULT NULL ,
PRIMARY KEY (`orderid`)
)
ENGINE=InnoDB
DEFAULT CHARACTER SET=utf8 COLLATE=utf8_general_ci

;

-- ----------------------------
-- Records of table_hero_unlock
-- ----------------------------
BEGIN;
INSERT INTO `table_hero_unlock` VALUES ('1', '50', '0'), ('2', '200', '0'), ('3', '400', '0'), ('4', '700', '0'), ('5', '1200', '0'), ('6', '1700', '0'), ('7', '2700', '0'), ('8', '5400', '0'), ('9', '8700', '0'), ('10', '11600', '0'), ('11', '51400', '0'), ('12', '98800', '0'), ('13', '195000', '0'), ('14', '351800', '0'), ('15', '581800', '0'), ('16', '1311900', '0'), ('17', '1938300', '0'), ('18', '2753700', '0'), ('19', '3680400', '0'), ('20', '4937700', '0'), ('21', '4937700', '0'), ('22', '4937700', '0'), ('23', '4937700', '0'), ('24', '4937700', '0'), ('25', '4937700', '0'), ('26', '4937700', '0'), ('27', '4937700', '0'), ('28', '4937700', '0'), ('29', '4937700', '0'), ('30', '4937700', '0');
COMMIT;

-- ----------------------------
-- Table structure for table_hero_upgrade
-- ----------------------------
DROP TABLE IF EXISTS `table_hero_upgrade`;
CREATE TABLE `table_hero_upgrade` (
`level`  int(7) NOT NULL ,
`cost`  int(20) NULL DEFAULT NULL ,
`effadd`  int(20) NULL DEFAULT NULL ,
PRIMARY KEY (`level`)
)
ENGINE=InnoDB
DEFAULT CHARACTER SET=utf8 COLLATE=utf8_general_ci

;

-- ----------------------------
-- Records of table_hero_upgrade
-- ----------------------------
BEGIN;
INSERT INTO `table_hero_upgrade` VALUES ('1', '5', '18'), ('2', '11', '18'), ('3', '18', '18'), ('4', '26', '18'), ('5', '37', '18'), ('6', '37', '18'), ('7', '40', '18'), ('8', '50', '18'), ('9', '60', '18'), ('10', '74', '18'), ('11', '74', '18'), ('12', '244', '18'), ('13', '513', '18'), ('14', '866', '18'), ('15', '1341', '18'), ('16', '1341', '18'), ('17', '1833', '18'), ('18', '2508', '18'), ('19', '3285', '18'), ('20', '4816', '27'), ('21', '4816', '27'), ('22', '5846', '27'), ('23', '7400', '27'), ('24', '9132', '27'), ('25', '11162', '27'), ('26', '11162', '27'), ('27', '11373', '27'), ('28', '13713', '27'), ('29', '16269', '27'), ('30', '20370', '27'), ('31', '20370', '27'), ('32', '21456', '27'), ('33', '26111', '27'), ('34', '31348', '27'), ('35', '37275', '27'), ('36', '37275', '27'), ('37', '37275', '27'), ('38', '42835', '27'), ('39', '50037', '27'), ('40', '60180', '27'), ('41', '60180', '27'), ('42', '60180', '27'), ('43', '71014', '27'), ('44', '83534', '27'), ('45', '97211', '27'), ('46', '97211', '27'), ('47', '97211', '27'), ('48', '106668', '27'), ('49', '123075', '27'), ('50', '144287', '40'), ('51', '144287', '40'), ('52', '144287', '40'), ('53', '160908', '40'), ('54', '186246', '40'), ('55', '213963', '40'), ('56', '213963', '40'), ('57', '213963', '40'), ('58', '226809', '40'), ('59', '258921', '40'), ('60', '298710', '40'), ('61', '298710', '40'), ('62', '298710', '40'), ('63', '319929', '40'), ('64', '366320', '40'), ('65', '416406', '40'), ('66', '416406', '40'), ('67', '416406', '40'), ('68', '429981', '40'), ('69', '487071', '40'), ('70', '555380', '40'), ('71', '555380', '40'), ('72', '555380', '40'), ('73', '577722', '40'), ('74', '655936', '40'), ('75', '739800', '40'), ('76', '739800', '40'), ('77', '739800', '40'), ('78', '748332', '40'), ('79', '842851', '40'), ('80', '986120', '40'), ('81', '986120', '40'), ('82', '986120', '40'), ('83', '1008201', '40'), ('84', '1134315', '40'), ('85', '1268476', '40'), ('86', '1268476', '40'), ('87', '1268476', '40'), ('88', '1268850', '40'), ('89', '1418482', '40'), ('90', '1589130', '40'), ('91', '1589130', '40'), ('92', '1589130', '40'), ('93', '1596438', '40'), ('94', '1786752', '40'), ('95', '1988540', '40'), ('96', '1988540', '40'), ('97', '1988540', '40'), ('98', '1988540', '40'), ('99', '2185944', '40'), ('100', '2436025', '58');
INSERT INTO `table_hero_upgrade` VALUES ('101', '2436025', '58'), ('102', '2436025', '58'), ('103', '2436025', '58'), ('104', '2689674', '58'), ('105', '2981448', '58'), ('106', '2981448', '58'), ('107', '2981448', '58'), ('108', '2981448', '58'), ('109', '3231223', '58'), ('110', '3706890', '58'), ('111', '3706890', '58'), ('112', '3706890', '58'), ('113', '3706890', '58'), ('114', '4041015', '58'), ('115', '4454927', '58'), ('116', '4454927', '58'), ('117', '4454927', '58'), ('118', '4454927', '58'), ('119', '4781390', '58'), ('120', '5275920', '58'), ('121', '5275920', '58'), ('122', '5275920', '58'), ('123', '5275920', '58'), ('124', '5679913', '58'), ('125', '6244312', '58'), ('126', '6244312', '58'), ('127', '6244312', '58'), ('128', '6244312', '58'), ('129', '6634695', '58'), ('130', '7299435', '58'), ('131', '7299435', '58'), ('132', '7299435', '58'), ('133', '7299435', '58'), ('134', '7775718', '58'), ('135', '8528017', '58'), ('136', '8528017', '58'), ('137', '8528017', '58'), ('138', '8528017', '58'), ('139', '8982701', '58'), ('140', '10180555', '58'), ('141', '10180555', '58'), ('142', '10180555', '58'), ('143', '10180555', '58'), ('144', '10768536', '58'), ('145', '11762182', '58'), ('146', '11762182', '58'), ('147', '11762182', '58'), ('148', '11762182', '58'), ('149', '12321033', '58'), ('150', '13465350', '58'), ('151', '13465350', '58'), ('152', '13465350', '58'), ('153', '13465350', '58'), ('154', '14132079', '58'), ('155', '15408085', '58'), ('156', '15408085', '58'), ('157', '15408085', '58'), ('158', '15408085', '58'), ('159', '16033520', '58'), ('160', '17489840', '58'), ('161', '17489840', '58'), ('162', '17489840', '58'), ('163', '17489840', '58'), ('164', '18230035', '58'), ('165', '19845045', '58'), ('166', '19845045', '58'), ('167', '19845045', '58'), ('168', '19845045', '58'), ('169', '20529739', '58'), ('170', '23065175', '58'), ('171', '23065175', '58'), ('172', '23065175', '58'), ('173', '23065175', '58'), ('174', '23941791', '58'), ('175', '25976562', '58'), ('176', '25976562', '58'), ('177', '25976562', '58'), ('178', '25976562', '58'), ('179', '26784038', '58'), ('180', '29070990', '58'), ('181', '29070990', '58'), ('182', '29070990', '58'), ('183', '29070990', '58'), ('184', '30013896', '58'), ('185', '32524017', '58'), ('186', '32524017', '58'), ('187', '32524017', '58'), ('188', '32524017', '58'), ('189', '33378628', '58'), ('190', '36182080', '58'), ('191', '36182080', '58'), ('192', '36182080', '58'), ('193', '36182080', '58'), ('194', '37176123', '58'), ('195', '40240200', '58'), ('196', '40240200', '58'), ('197', '40240200', '58'), ('198', '40240200', '58'), ('199', '41123847', '58'), ('200', '45892350', '81');
INSERT INTO `table_hero_upgrade` VALUES ('201', '45892350', '81'), ('202', '45892350', '81'), ('203', '45892350', '81'), ('204', '47033628', '81'), ('205', '50767378', '81'), ('206', '50767378', '81'), ('207', '50767378', '81'), ('208', '50767378', '81'), ('209', '51777816', '81'), ('210', '55902945', '81'), ('211', '55902945', '81'), ('212', '55902945', '81'), ('213', '55902945', '81'), ('214', '57069520', '81'), ('215', '61543481', '81'), ('216', '61543481', '81'), ('217', '61543481', '81'), ('218', '61543481', '81'), ('219', '62550615', '81'), ('220', '67469985', '81'), ('221', '67469985', '81'), ('222', '67469985', '81'), ('223', '67469985', '81'), ('224', '68633936', '81'), ('225', '73952212', '81'), ('226', '73952212', '81'), ('227', '73952212', '81'), ('228', '73952212', '81'), ('229', '74925078', '81'), ('230', '83152360', '81'), ('231', '83152360', '81'), ('232', '83152360', '81'), ('233', '83152360', '81'), ('234', '84455104', '81'), ('235', '90776505', '81'), ('236', '90776505', '81'), ('237', '90776505', '81'), ('238', '90776505', '81'), ('239', '91858514', '81'), ('240', '98753580', '81'), ('241', '98753580', '81'), ('242', '98753580', '81'), ('243', '98753580', '81'), ('244', '100002851', '81'), ('245', '107412471', '81'), ('246', '107412471', '81'), ('247', '107412471', '81'), ('248', '107412471', '81'), ('249', '108402212', '81'), ('250', '116455250', '81'), ('251', '116455250', '81'), ('252', '116455250', '81'), ('253', '116455250', '81'), ('254', '117607397', '81'), ('255', '126239535', '81'), ('256', '126239535', '81'), ('257', '126239535', '81'), ('258', '126239535', '81'), ('259', '127088710', '81'), ('260', '140383490', '81'), ('261', '140383490', '81'), ('262', '140383490', '81'), ('263', '140383490', '81'), ('264', '141639498', '81'), ('265', '151703821', '81'), ('266', '151703821', '81'), ('267', '151703821', '81'), ('268', '151703821', '81'), ('269', '152617553', '81'), ('270', '163486687', '81'), ('271', '163486687', '81'), ('272', '163486687', '81'), ('273', '163486687', '81'), ('274', '164565222', '81'), ('275', '176160256', '81'), ('276', '176160256', '81'), ('277', '176160256', '81'), ('278', '176160256', '81'), ('279', '176845405', '81'), ('280', '189332710', '81'), ('281', '189332710', '81'), ('282', '189332710', '81'), ('283', '189332710', '81'), ('284', '190169595', '81'), ('285', '203463637', '81'), ('286', '203463637', '81'), ('287', '203463637', '81'), ('288', '203463637', '81'), ('289', '203851352', '81'), ('290', '224258812', '81'), ('291', '224258812', '81'), ('292', '224258812', '81'), ('293', '224258812', '81'), ('294', '225134322', '81'), ('295', '240395942', '81'), ('296', '240395942', '81'), ('297', '240395942', '81'), ('298', '240395942', '81'), ('299', '240770721', '81'), ('300', '257123550', '81');
INSERT INTO `table_hero_upgrade` VALUES ('301', '257123550', '81'), ('302', '257123550', '81'), ('303', '257123550', '81'), ('304', '257642812', '81'), ('305', '274984721', '81'), ('306', '274984721', '81'), ('307', '274984721', '81'), ('308', '274984721', '81'), ('309', '274984721', '81'), ('310', '293477077', '81'), ('311', '293477077', '81'), ('312', '293477077', '81'), ('313', '293477077', '81'), ('314', '293554125', '81'), ('315', '313180402', '81'), ('316', '313180402', '81'), ('317', '313180402', '81'), ('318', '313180402', '81'), ('319', '313180402', '81'), ('320', '342673600', '81'), ('321', '342673600', '81'), ('322', '342673600', '81'), ('323', '342673600', '81'), ('324', '342684594', '81'), ('325', '364933968', '81'), ('326', '364933968', '81'), ('327', '364933968', '81'), ('328', '364933968', '81'), ('329', '364933968', '81'), ('330', '387932242', '81'), ('331', '387932242', '81'), ('332', '387932242', '81'), ('333', '387932242', '81'), ('334', '387932242', '81'), ('335', '412341366', '81'), ('336', '412341366', '81'), ('337', '412341366', '81'), ('338', '412341366', '81'), ('339', '412341366', '81'), ('340', '437535035', '81'), ('341', '437535035', '81'), ('342', '437535035', '81'), ('343', '437535035', '81'), ('344', '437535035', '81'), ('345', '464226997', '81'), ('346', '464226997', '81'), ('347', '464226997', '81'), ('348', '464226997', '81'), ('349', '464226997', '81'), ('350', '504831950', '81'), ('351', '504831950', '81'), ('352', '504831950', '81'), ('353', '504831950', '81'), ('354', '504831950', '81'), ('355', '534719637', '81'), ('356', '534719637', '81'), ('357', '534719637', '81'), ('358', '534719637', '81'), ('359', '534719637', '81'), ('360', '565511670', '81'), ('361', '565511670', '81'), ('362', '565511670', '81'), ('363', '565511670', '81'), ('364', '565511670', '81'), ('365', '598030235', '81'), ('366', '598030235', '81'), ('367', '598030235', '81'), ('368', '598030235', '81'), ('369', '598030235', '81'), ('370', '631506010', '81'), ('371', '631506010', '81'), ('372', '631506010', '81'), ('373', '631506010', '81'), ('374', '631506010', '81'), ('375', '666806250', '81'), ('376', '666806250', '81'), ('377', '666806250', '81'), ('378', '666806250', '81'), ('379', '666806250', '81'), ('380', '721336425', '81'), ('381', '721336425', '81'), ('382', '721336425', '81'), ('383', '721336425', '81'), ('384', '721336425', '81'), ('385', '760563265', '81'), ('386', '760563265', '81'), ('387', '760563265', '81'), ('388', '760563265', '81'), ('389', '760563265', '81'), ('390', '800884110', '81'), ('391', '800884110', '81'), ('392', '800884110', '81'), ('393', '800884110', '81'), ('394', '800884110', '81'), ('395', '843285105', '81'), ('396', '843285105', '81'), ('397', '843285105', '81'), ('398', '843285105', '81'), ('399', '843285105', '81'), ('400', '886837800', '108');
INSERT INTO `table_hero_upgrade` VALUES ('401', '886837800', '108'), ('402', '886837800', '108'), ('403', '886837800', '108'), ('404', '886837800', '108'), ('405', '932580337', '108'), ('406', '932580337', '108'), ('407', '932580337', '108'), ('408', '932580337', '108'), ('409', '932580337', '108'), ('410', '1004274295', '108'), ('411', '1004274295', '108'), ('412', '1004274295', '108'), ('413', '1004274295', '108'), ('414', '1004274295', '108'), ('415', '1054773960', '108'), ('416', '1054773960', '108'), ('417', '1054773960', '108'), ('418', '1054773960', '108'), ('419', '1054773960', '108'), ('420', '1106576415', '108'), ('421', '1106576415', '108'), ('422', '1106576415', '108'), ('423', '1106576415', '108'), ('424', '1106576415', '108'), ('425', '1160856793', '108'), ('426', '1160856793', '108'), ('427', '1160856793', '108'), ('428', '1160856793', '108'), ('429', '1160856793', '108'), ('430', '1216505367', '108'), ('431', '1216505367', '108'), ('432', '1216505367', '108'), ('433', '1216505367', '108'), ('434', '1216505367', '108'), ('435', '1274751078', '108'), ('436', '1274751078', '108'), ('437', '1274751078', '108'), ('438', '1274751078', '108'), ('439', '1274751078', '108'), ('440', '1367303960', '108'), ('441', '1367303960', '108'), ('442', '1367303960', '108'), ('443', '1367303960', '108'), ('444', '1367303960', '108'), ('445', '1431241040', '108'), ('446', '1431241040', '108'), ('447', '1431241040', '108'), ('448', '1431241040', '108'), ('449', '1431241040', '108'), ('450', '1496715187', '108'), ('451', '1496715187', '108'), ('452', '1496715187', '108'), ('453', '1496715187', '108'), ('454', '1496715187', '108'), ('455', '1565105701', '108'), ('456', '1565105701', '108'), ('457', '1565105701', '108'), ('458', '1565105701', '108'), ('459', '1565105701', '108'), ('460', '1635104845', '108'), ('461', '1635104845', '108'), ('462', '1635104845', '108'), ('463', '1635104845', '108'), ('464', '1635104845', '108'), ('465', '1708151227', '108'), ('466', '1708151227', '108'), ('467', '1708151227', '108'), ('468', '1708151227', '108'), ('469', '1708151227', '108'), ('470', '1825744140', '108'), ('471', '1825744140', '108'), ('472', '1825744140', '108'), ('473', '1825744140', '108'), ('474', '1825744140', '108'), ('475', '1905527575', '108'), ('476', '1905527575', '108'), ('477', '1905527575', '108'), ('478', '1905527575', '108'), ('479', '1905527575', '108'), ('480', '1987106160', '108'), ('481', '1987106160', '108'), ('482', '1987106160', '108'), ('483', '1987106160', '108'), ('484', '1987106160', '108'), ('485', '2072085870', '108'), ('486', '2072085870', '108'), ('487', '2072085870', '108'), ('488', '2072085870', '108'), ('489', '2072085870', '108'), ('490', '2147483647', '108'), ('491', '2147483647', '108'), ('492', '2147483647', '108'), ('493', '2147483647', '108'), ('494', '2147483647', '108'), ('495', '2147483647', '108'), ('496', '2147483647', '108'), ('497', '2147483647', '108'), ('498', '2147483647', '108'), ('499', '2147483647', '108'), ('500', '2147483647', '108');
INSERT INTO `table_hero_upgrade` VALUES ('501', '2147483647', '108'), ('502', '2147483647', '108'), ('503', '2147483647', '108'), ('504', '2147483647', '108'), ('505', '2147483647', '108'), ('506', '2147483647', '108'), ('507', '2147483647', '108'), ('508', '2147483647', '108'), ('509', '2147483647', '108'), ('510', '2147483647', '108'), ('511', '2147483647', '108'), ('512', '2147483647', '108'), ('513', '2147483647', '108'), ('514', '2147483647', '108'), ('515', '2147483647', '108'), ('516', '2147483647', '108'), ('517', '2147483647', '108'), ('518', '2147483647', '108'), ('519', '2147483647', '108'), ('520', '2147483647', '108'), ('521', '2147483647', '108'), ('522', '2147483647', '108'), ('523', '2147483647', '108'), ('524', '2147483647', '108'), ('525', '2147483647', '108'), ('526', '2147483647', '108'), ('527', '2147483647', '108'), ('528', '2147483647', '108'), ('529', '2147483647', '108'), ('530', '2147483647', '108'), ('531', '2147483647', '108'), ('532', '2147483647', '108'), ('533', '2147483647', '108'), ('534', '2147483647', '108'), ('535', '2147483647', '108'), ('536', '2147483647', '108'), ('537', '2147483647', '108'), ('538', '2147483647', '108'), ('539', '2147483647', '108'), ('540', '2147483647', '108'), ('541', '2147483647', '108'), ('542', '2147483647', '108'), ('543', '2147483647', '108'), ('544', '2147483647', '108'), ('545', '2147483647', '108'), ('546', '2147483647', '108'), ('547', '2147483647', '108'), ('548', '2147483647', '108'), ('549', '2147483647', '108'), ('550', '2147483647', '108'), ('551', '2147483647', '108'), ('552', '2147483647', '108'), ('553', '2147483647', '108'), ('554', '2147483647', '108'), ('555', '2147483647', '108'), ('556', '2147483647', '108'), ('557', '2147483647', '108'), ('558', '2147483647', '108'), ('559', '2147483647', '108'), ('560', '2147483647', '108'), ('561', '2147483647', '108'), ('562', '2147483647', '108'), ('563', '2147483647', '108'), ('564', '2147483647', '108'), ('565', '2147483647', '108'), ('566', '2147483647', '108'), ('567', '2147483647', '108'), ('568', '2147483647', '108'), ('569', '2147483647', '108'), ('570', '2147483647', '108'), ('571', '2147483647', '108'), ('572', '2147483647', '108'), ('573', '2147483647', '108'), ('574', '2147483647', '108'), ('575', '2147483647', '108'), ('576', '2147483647', '108'), ('577', '2147483647', '108'), ('578', '2147483647', '108'), ('579', '2147483647', '108'), ('580', '2147483647', '108'), ('581', '2147483647', '108'), ('582', '2147483647', '108'), ('583', '2147483647', '108'), ('584', '2147483647', '108'), ('585', '2147483647', '108'), ('586', '2147483647', '108'), ('587', '2147483647', '108'), ('588', '2147483647', '108'), ('589', '2147483647', '108'), ('590', '2147483647', '108'), ('591', '2147483647', '108'), ('592', '2147483647', '108'), ('593', '2147483647', '108'), ('594', '2147483647', '108'), ('595', '2147483647', '108'), ('596', '2147483647', '108'), ('597', '2147483647', '108'), ('598', '2147483647', '108'), ('599', '2147483647', '108'), ('600', '2147483647', '139');
INSERT INTO `table_hero_upgrade` VALUES ('601', '2147483647', '139'), ('602', '2147483647', '139'), ('603', '2147483647', '139'), ('604', '2147483647', '139'), ('605', '2147483647', '139'), ('606', '2147483647', '139'), ('607', '2147483647', '139'), ('608', '2147483647', '139'), ('609', '2147483647', '139'), ('610', '2147483647', '139'), ('611', '2147483647', '139'), ('612', '2147483647', '139'), ('613', '2147483647', '139'), ('614', '2147483647', '139'), ('615', '2147483647', '139'), ('616', '2147483647', '139'), ('617', '2147483647', '139'), ('618', '2147483647', '139'), ('619', '2147483647', '139'), ('620', '2147483647', '139'), ('621', '2147483647', '139'), ('622', '2147483647', '139'), ('623', '2147483647', '139'), ('624', '2147483647', '139'), ('625', '2147483647', '139'), ('626', '2147483647', '139'), ('627', '2147483647', '139'), ('628', '2147483647', '139'), ('629', '2147483647', '139'), ('630', '2147483647', '139'), ('631', '2147483647', '139'), ('632', '2147483647', '139'), ('633', '2147483647', '139'), ('634', '2147483647', '139'), ('635', '2147483647', '139'), ('636', '2147483647', '139'), ('637', '2147483647', '139'), ('638', '2147483647', '139'), ('639', '2147483647', '139'), ('640', '2147483647', '139'), ('641', '2147483647', '139'), ('642', '2147483647', '139'), ('643', '2147483647', '139'), ('644', '2147483647', '139'), ('645', '2147483647', '139'), ('646', '2147483647', '139'), ('647', '2147483647', '139'), ('648', '2147483647', '139'), ('649', '2147483647', '139'), ('650', '2147483647', '139'), ('651', '2147483647', '139'), ('652', '2147483647', '139'), ('653', '2147483647', '139'), ('654', '2147483647', '139'), ('655', '2147483647', '139'), ('656', '2147483647', '139'), ('657', '2147483647', '139'), ('658', '2147483647', '139'), ('659', '2147483647', '139'), ('660', '2147483647', '139'), ('661', '2147483647', '139'), ('662', '2147483647', '139'), ('663', '2147483647', '139'), ('664', '2147483647', '139'), ('665', '2147483647', '139'), ('666', '2147483647', '139'), ('667', '2147483647', '139'), ('668', '2147483647', '139'), ('669', '2147483647', '139'), ('670', '2147483647', '139'), ('671', '2147483647', '139'), ('672', '2147483647', '139'), ('673', '2147483647', '139'), ('674', '2147483647', '139'), ('675', '2147483647', '139'), ('676', '2147483647', '139'), ('677', '2147483647', '139'), ('678', '2147483647', '139'), ('679', '2147483647', '139'), ('680', '2147483647', '139'), ('681', '2147483647', '139'), ('682', '2147483647', '139'), ('683', '2147483647', '139'), ('684', '2147483647', '139'), ('685', '2147483647', '139'), ('686', '2147483647', '139'), ('687', '2147483647', '139'), ('688', '2147483647', '139'), ('689', '2147483647', '139'), ('690', '2147483647', '139'), ('691', '2147483647', '139'), ('692', '2147483647', '139'), ('693', '2147483647', '139'), ('694', '2147483647', '139'), ('695', '2147483647', '139'), ('696', '2147483647', '139'), ('697', '2147483647', '139'), ('698', '2147483647', '139'), ('699', '2147483647', '139'), ('700', '2147483647', '139');
INSERT INTO `table_hero_upgrade` VALUES ('701', '2147483647', '139'), ('702', '2147483647', '139'), ('703', '2147483647', '139'), ('704', '2147483647', '139'), ('705', '2147483647', '139'), ('706', '2147483647', '139'), ('707', '2147483647', '139'), ('708', '2147483647', '139'), ('709', '2147483647', '139'), ('710', '2147483647', '139'), ('711', '2147483647', '139'), ('712', '2147483647', '139'), ('713', '2147483647', '139'), ('714', '2147483647', '139'), ('715', '2147483647', '139'), ('716', '2147483647', '139'), ('717', '2147483647', '139'), ('718', '2147483647', '139'), ('719', '2147483647', '139'), ('720', '2147483647', '139'), ('721', '2147483647', '139'), ('722', '2147483647', '139'), ('723', '2147483647', '139'), ('724', '2147483647', '139'), ('725', '2147483647', '139'), ('726', '2147483647', '139'), ('727', '2147483647', '139'), ('728', '2147483647', '139'), ('729', '2147483647', '139'), ('730', '2147483647', '139'), ('731', '2147483647', '139'), ('732', '2147483647', '139'), ('733', '2147483647', '139'), ('734', '2147483647', '139'), ('735', '2147483647', '139'), ('736', '2147483647', '139'), ('737', '2147483647', '139'), ('738', '2147483647', '139'), ('739', '2147483647', '139'), ('740', '2147483647', '139'), ('741', '2147483647', '139'), ('742', '2147483647', '139'), ('743', '2147483647', '139'), ('744', '2147483647', '139'), ('745', '2147483647', '139'), ('746', '2147483647', '139'), ('747', '2147483647', '139'), ('748', '2147483647', '139'), ('749', '2147483647', '139'), ('750', '2147483647', '139'), ('751', '2147483647', '139'), ('752', '2147483647', '139'), ('753', '2147483647', '139'), ('754', '2147483647', '139'), ('755', '2147483647', '139'), ('756', '2147483647', '139'), ('757', '2147483647', '139'), ('758', '2147483647', '139'), ('759', '2147483647', '139'), ('760', '2147483647', '139'), ('761', '2147483647', '139'), ('762', '2147483647', '139'), ('763', '2147483647', '139'), ('764', '2147483647', '139'), ('765', '2147483647', '139'), ('766', '2147483647', '139'), ('767', '2147483647', '139'), ('768', '2147483647', '139'), ('769', '2147483647', '139'), ('770', '2147483647', '139'), ('771', '2147483647', '139'), ('772', '2147483647', '139'), ('773', '2147483647', '139'), ('774', '2147483647', '139'), ('775', '2147483647', '139'), ('776', '2147483647', '139'), ('777', '2147483647', '139'), ('778', '2147483647', '139'), ('779', '2147483647', '139'), ('780', '2147483647', '139'), ('781', '2147483647', '139'), ('782', '2147483647', '139'), ('783', '2147483647', '139'), ('784', '2147483647', '139'), ('785', '2147483647', '139'), ('786', '2147483647', '139'), ('787', '2147483647', '139'), ('788', '2147483647', '139'), ('789', '2147483647', '139'), ('790', '2147483647', '139'), ('791', '2147483647', '139'), ('792', '2147483647', '139'), ('793', '2147483647', '139'), ('794', '2147483647', '139'), ('795', '2147483647', '139'), ('796', '2147483647', '139'), ('797', '2147483647', '139'), ('798', '2147483647', '139'), ('799', '2147483647', '139'), ('800', '2147483647', '175');
INSERT INTO `table_hero_upgrade` VALUES ('801', '2147483647', '175'), ('802', '2147483647', '175'), ('803', '2147483647', '175'), ('804', '2147483647', '175'), ('805', '2147483647', '175'), ('806', '2147483647', '175'), ('807', '2147483647', '175'), ('808', '2147483647', '175'), ('809', '2147483647', '175'), ('810', '2147483647', '175'), ('811', '2147483647', '175'), ('812', '2147483647', '175'), ('813', '2147483647', '175'), ('814', '2147483647', '175'), ('815', '2147483647', '175'), ('816', '2147483647', '175'), ('817', '2147483647', '175'), ('818', '2147483647', '175'), ('819', '2147483647', '175'), ('820', '2147483647', '175'), ('821', '2147483647', '175'), ('822', '2147483647', '175'), ('823', '2147483647', '175'), ('824', '2147483647', '175'), ('825', '2147483647', '175'), ('826', '2147483647', '175'), ('827', '2147483647', '175'), ('828', '2147483647', '175'), ('829', '2147483647', '175'), ('830', '2147483647', '175'), ('831', '2147483647', '175'), ('832', '2147483647', '175'), ('833', '2147483647', '175'), ('834', '2147483647', '175'), ('835', '2147483647', '175'), ('836', '2147483647', '175'), ('837', '2147483647', '175'), ('838', '2147483647', '175'), ('839', '2147483647', '175'), ('840', '2147483647', '175'), ('841', '2147483647', '175'), ('842', '2147483647', '175'), ('843', '2147483647', '175'), ('844', '2147483647', '175'), ('845', '2147483647', '175'), ('846', '2147483647', '175'), ('847', '2147483647', '175'), ('848', '2147483647', '175'), ('849', '2147483647', '175'), ('850', '2147483647', '175'), ('851', '2147483647', '175'), ('852', '2147483647', '175'), ('853', '2147483647', '175'), ('854', '2147483647', '175'), ('855', '2147483647', '175'), ('856', '2147483647', '175'), ('857', '2147483647', '175'), ('858', '2147483647', '175'), ('859', '2147483647', '175'), ('860', '2147483647', '175'), ('861', '2147483647', '175'), ('862', '2147483647', '175'), ('863', '2147483647', '175'), ('864', '2147483647', '175'), ('865', '2147483647', '175'), ('866', '2147483647', '175'), ('867', '2147483647', '175'), ('868', '2147483647', '175'), ('869', '2147483647', '175'), ('870', '2147483647', '175'), ('871', '2147483647', '175'), ('872', '2147483647', '175'), ('873', '2147483647', '175'), ('874', '2147483647', '175'), ('875', '2147483647', '175'), ('876', '2147483647', '175'), ('877', '2147483647', '175'), ('878', '2147483647', '175'), ('879', '2147483647', '175'), ('880', '2147483647', '175'), ('881', '2147483647', '175'), ('882', '2147483647', '175'), ('883', '2147483647', '175'), ('884', '2147483647', '175'), ('885', '2147483647', '175'), ('886', '2147483647', '175'), ('887', '2147483647', '175'), ('888', '2147483647', '175'), ('889', '2147483647', '175'), ('890', '2147483647', '175'), ('891', '2147483647', '175'), ('892', '2147483647', '175'), ('893', '2147483647', '175'), ('894', '2147483647', '175'), ('895', '2147483647', '175'), ('896', '2147483647', '175'), ('897', '2147483647', '175'), ('898', '2147483647', '175'), ('899', '2147483647', '175'), ('900', '2147483647', '175');
INSERT INTO `table_hero_upgrade` VALUES ('901', '2147483647', '175'), ('902', '2147483647', '175'), ('903', '2147483647', '175'), ('904', '2147483647', '175'), ('905', '2147483647', '175'), ('906', '2147483647', '175'), ('907', '2147483647', '175'), ('908', '2147483647', '175'), ('909', '2147483647', '175'), ('910', '2147483647', '175'), ('911', '2147483647', '175'), ('912', '2147483647', '175'), ('913', '2147483647', '175'), ('914', '2147483647', '175'), ('915', '2147483647', '175'), ('916', '2147483647', '175'), ('917', '2147483647', '175'), ('918', '2147483647', '175'), ('919', '2147483647', '175'), ('920', '2147483647', '175'), ('921', '2147483647', '175'), ('922', '2147483647', '175'), ('923', '2147483647', '175'), ('924', '2147483647', '175'), ('925', '2147483647', '175'), ('926', '2147483647', '175'), ('927', '2147483647', '175'), ('928', '2147483647', '175'), ('929', '2147483647', '175'), ('930', '2147483647', '175'), ('931', '2147483647', '175'), ('932', '2147483647', '175'), ('933', '2147483647', '175'), ('934', '2147483647', '175'), ('935', '2147483647', '175'), ('936', '2147483647', '175'), ('937', '2147483647', '175'), ('938', '2147483647', '175'), ('939', '2147483647', '175'), ('940', '2147483647', '175'), ('941', '2147483647', '175'), ('942', '2147483647', '175'), ('943', '2147483647', '175'), ('944', '2147483647', '175'), ('945', '2147483647', '175'), ('946', '2147483647', '175'), ('947', '2147483647', '175'), ('948', '2147483647', '175'), ('949', '2147483647', '175'), ('950', '2147483647', '175'), ('951', '2147483647', '175'), ('952', '2147483647', '175'), ('953', '2147483647', '175'), ('954', '2147483647', '175'), ('955', '2147483647', '175'), ('956', '2147483647', '175'), ('957', '2147483647', '175'), ('958', '2147483647', '175'), ('959', '2147483647', '175'), ('960', '2147483647', '175'), ('961', '2147483647', '175'), ('962', '2147483647', '175'), ('963', '2147483647', '175'), ('964', '2147483647', '175'), ('965', '2147483647', '175'), ('966', '2147483647', '175'), ('967', '2147483647', '175'), ('968', '2147483647', '175'), ('969', '2147483647', '175'), ('970', '2147483647', '175'), ('971', '2147483647', '175'), ('972', '2147483647', '175'), ('973', '2147483647', '175'), ('974', '2147483647', '175'), ('975', '2147483647', '175'), ('976', '2147483647', '175'), ('977', '2147483647', '175'), ('978', '2147483647', '175'), ('979', '2147483647', '175'), ('980', '2147483647', '175'), ('981', '2147483647', '175'), ('982', '2147483647', '175'), ('983', '2147483647', '175'), ('984', '2147483647', '175'), ('985', '2147483647', '175'), ('986', '2147483647', '175'), ('987', '2147483647', '175'), ('988', '2147483647', '175'), ('989', '2147483647', '175'), ('990', '2147483647', '175'), ('991', '2147483647', '175'), ('992', '2147483647', '175'), ('993', '2147483647', '175'), ('994', '2147483647', '175'), ('995', '2147483647', '175'), ('996', '2147483647', '175'), ('997', '2147483647', '175'), ('998', '2147483647', '175'), ('999', '2147483647', '175'), ('1000', '2147483647', '175');
COMMIT;

-- ----------------------------
-- Table structure for table_items
-- ----------------------------
DROP TABLE IF EXISTS `table_items`;
CREATE TABLE `table_items` (
`id`  int(5) NOT NULL ,
`bodyid`  int(2) NULL DEFAULT NULL ,
`needlevel`  int(30) NULL DEFAULT NULL ,
`quliaty`  int(2) NULL DEFAULT NULL ,
`cansale`  int(1) NULL DEFAULT NULL ,
`saletype`  int(1) NULL DEFAULT NULL ,
`buftype`  int(4) NULL DEFAULT NULL ,
`bufvalue`  int(10) NULL DEFAULT NULL ,
PRIMARY KEY (`id`)
)
ENGINE=InnoDB
DEFAULT CHARACTER SET=utf8 COLLATE=utf8_general_ci

;

-- ----------------------------
-- Records of table_items
-- ----------------------------
BEGIN;
INSERT INTO `table_items` VALUES ('1000', '0', '1', '0', '0', '0', '0', '0'), ('1001', '1', '1', '0', '0', '0', '0', '0'), ('1002', '2', '1', '0', '0', '0', '0', '0'), ('1003', '4', '1', '0', '0', '0', '0', '0'), ('1004', '3', '1', '0', '0', '0', '0', '0'), ('1005', '5', '1', '0', '0', '0', '0', '0'), ('1006', '5', '1', '0', '0', '0', '0', '0'), ('2000', '0', '1', '0', '0', '0', '0', '0'), ('2001', '1', '1', '0', '0', '0', '0', '0'), ('2002', '2', '1', '0', '0', '0', '0', '0'), ('2003', '4', '1', '0', '0', '0', '0', '0'), ('2004', '3', '1', '0', '0', '0', '0', '0'), ('2005', '5', '1', '0', '0', '0', '0', '0'), ('3000', '3', '1', '0', '0', '0', '0', '0'), ('3001', '3', '1', '0', '0', '0', '0', '0'), ('3002', '3', '1', '0', '0', '0', '0', '0'), ('3003', '3', '1', '0', '0', '0', '0', '0'), ('3004', '3', '1', '0', '0', '0', '0', '0'), ('3005', '5', '1', '0', '0', '0', '0', '0'), ('3006', '5', '1', '0', '0', '0', '0', '0'), ('4000', '0', '1', '0', '0', '0', '0', '0'), ('4001', '1', '1', '0', '0', '0', '0', '0'), ('4002', '2', '1', '0', '0', '0', '0', '0'), ('4003', '4', '1', '0', '0', '0', '0', '0'), ('4004', '3', '1', '0', '0', '0', '0', '0'), ('4005', '5', '1', '0', '0', '0', '0', '0'), ('5000', '1', '1', '0', '0', '0', '0', '0'), ('5001', '3', '1', '0', '0', '0', '0', '0'), ('5002', '5', '1', '0', '0', '0', '0', '0'), ('6000', '0', '1', '0', '0', '0', '0', '0'), ('6001', '1', '1', '0', '0', '0', '0', '0'), ('6002', '2', '1', '0', '0', '0', '0', '0'), ('6003', '4', '1', '0', '0', '0', '0', '0'), ('6004', '5', '1', '0', '0', '0', '0', '0'), ('7000', '0', '1', '0', '0', '0', '0', '0'), ('7001', '1', '1', '0', '0', '0', '0', '0'), ('7002', '2', '1', '0', '0', '0', '0', '0'), ('7003', '4', '1', '0', '0', '0', '0', '0'), ('7004', '3', '1', '0', '0', '0', '0', '0'), ('7005', '5', '1', '0', '0', '0', '0', '0');
COMMIT;

-- ----------------------------
-- Table structure for table_level
-- ----------------------------
DROP TABLE IF EXISTS `table_level`;
CREATE TABLE `table_level` (
`id`  int(6) NOT NULL ,
`monsterhp`  int(30) NULL DEFAULT NULL ,
`monstercoins`  int(30) NULL DEFAULT NULL ,
`bosshp`  int(30) NULL DEFAULT NULL ,
`bosscoins`  int(30) NULL DEFAULT NULL ,
`zsbygodrate`  int(30) NULL DEFAULT NULL ,
`offlinegold`  int(30) NULL DEFAULT NULL ,
`relivegold`  int(30) NULL DEFAULT NULL ,
PRIMARY KEY (`id`)
)
ENGINE=InnoDB
DEFAULT CHARACTER SET=utf8 COLLATE=utf8_general_ci

;

-- ----------------------------
-- Records of table_level
-- ----------------------------
BEGIN;
INSERT INTO `table_level` VALUES ('1', '60', '1', '180', '2', '5000', '1', '0'), ('2', '156', '2', '780', '8', '10000', '3', '0'), ('3', '252', '3', '1512', '18', '15000', '4', '0'), ('4', '348', '4', '2784', '32', '20000', '6', '0'), ('5', '444', '5', '4440', '50', '25000', '7', '0'), ('6', '810', '6', '2430', '12', '30000', '9', '0'), ('7', '954', '7', '4770', '28', '35000', '10', '0'), ('8', '1098', '8', '6588', '48', '40000', '12', '0'), ('9', '1242', '9', '9936', '72', '45000', '13', '0'), ('10', '1386', '10', '13860', '100', '50000', '15', '0'), ('11', '2052', '12', '6156', '24', '60000', '18', '0'), ('12', '2256', '14', '11280', '56', '70000', '21', '0'), ('13', '2460', '16', '14760', '96', '80000', '24', '0'), ('14', '2664', '18', '21312', '144', '90000', '27', '0'), ('15', '2868', '20', '28680', '200', '100000', '30', '0'), ('16', '3072', '22', '9216', '44', '110000', '33', '0'), ('17', '3276', '24', '16380', '96', '120000', '36', '0'), ('18', '3480', '26', '20880', '156', '130000', '39', '0'), ('19', '3684', '28', '29472', '224', '140000', '42', '0'), ('20', '4212', '33', '42120', '330', '165000', '49', '0'), ('21', '6563', '38', '19689', '76', '190000', '57', '0'), ('22', '7177', '43', '35885', '172', '215000', '64', '0'), ('23', '7792', '48', '46752', '288', '240000', '72', '0'), ('24', '8388', '53', '67104', '424', '265000', '79', '0'), ('25', '9003', '58', '90030', '580', '290000', '87', '0'), ('26', '10073', '63', '30219', '126', '315000', '94', '0'), ('27', '10705', '68', '53525', '272', '340000', '102', '0'), ('28', '11337', '73', '68022', '438', '365000', '109', '0'), ('29', '11986', '78', '95888', '624', '390000', '117', '0'), ('30', '19737', '88', '197370', '880', '440000', '132', '2'), ('31', '26228', '98', '78684', '196', '490000', '147', '2'), ('32', '27573', '108', '137865', '432', '540000', '162', '2'), ('33', '28947', '118', '173682', '708', '590000', '177', '3'), ('34', '30321', '128', '242568', '1024', '640000', '192', '3'), ('35', '32427', '138', '324270', '1380', '690000', '207', '3'), ('36', '33830', '148', '101490', '296', '740000', '222', '3'), ('37', '35204', '158', '176020', '632', '790000', '237', '4'), ('38', '36608', '168', '219648', '1008', '840000', '252', '4'), ('39', '38012', '178', '304096', '1424', '890000', '267', '4'), ('40', '40321', '195', '403210', '1950', '975000', '292', '4'), ('41', '50492', '212', '151476', '424', '1060000', '318', '5'), ('42', '52361', '229', '261805', '916', '1145000', '343', '5'), ('43', '54229', '246', '325374', '1476', '1230000', '369', '5'), ('44', '56098', '263', '448784', '2104', '1315000', '394', '5'), ('45', '59236', '280', '592360', '2800', '1400000', '420', '6'), ('46', '61140', '297', '183420', '594', '1485000', '445', '6'), ('47', '63044', '314', '315220', '1256', '1570000', '471', '6'), ('48', '64984', '331', '389904', '1986', '1655000', '496', '6'), ('49', '66888', '348', '535104', '2784', '1740000', '522', '7'), ('50', '86104', '374', '861040', '3740', '1870000', '561', '7'), ('51', '324065', '400', '972195', '800', '2000000', '600', '7'), ('52', '337578', '426', '1687890', '1704', '2130000', '639', '7'), ('53', '351027', '452', '2106162', '2712', '2260000', '678', '8'), ('54', '364540', '478', '2916320', '3824', '2390000', '717', '8'), ('55', '391140', '504', '3911400', '5040', '2520000', '756', '8'), ('56', '405093', '530', '1215279', '1060', '2650000', '795', '8'), ('57', '419046', '556', '2095230', '2224', '2780000', '834', '9'), ('58', '432999', '582', '2597994', '3492', '2910000', '873', '9'), ('59', '447015', '608', '3576120', '4864', '3040000', '912', '9'), ('60', '657301', '645', '6573010', '6450', '3225000', '967', '9'), ('61', '848192', '682', '2544576', '1364', '3410000', '1023', '10'), ('62', '874659', '719', '4373295', '2876', '3595000', '1078', '10'), ('63', '901224', '756', '5407344', '4536', '3780000', '1134', '10'), ('64', '927789', '793', '7422312', '6344', '3965000', '1189', '10'), ('65', '977674', '830', '9776740', '8300', '4150000', '1245', '11'), ('66', '1004868', '867', '3014604', '1734', '4335000', '1300', '11'), ('67', '1032063', '904', '5160315', '3616', '4520000', '1356', '11'), ('68', '1059257', '941', '6355542', '5646', '4705000', '1411', '11'), ('69', '1086372', '978', '8690976', '7824', '4890000', '1467', '12'), ('70', '1168581', '1028', '11685810', '10280', '5140000', '1542', '12'), ('71', '1475516', '1078', '4426548', '2156', '5390000', '1617', '12'), ('72', '1512874', '1128', '7564370', '4512', '5640000', '1692', '12'), ('73', '1550026', '1178', '9300156', '7068', '5890000', '1767', '13'), ('74', '1587384', '1228', '12699072', '9824', '6140000', '1842', '13'), ('75', '1662829', '1278', '16628290', '12780', '6390000', '1917', '13'), ('76', '1730411', '1328', '5191233', '2656', '6640000', '1992', '13'), ('77', '1769113', '1378', '8845565', '5512', '6890000', '2067', '14'), ('78', '1807931', '1428', '10847586', '8568', '7140000', '2142', '14'), ('79', '1846633', '1478', '14773064', '11824', '7390000', '2217', '14'), ('80', '2041831', '1543', '20418310', '15430', '7715000', '2314', '14'), ('81', '2919150', '1608', '8757450', '3216', '8040000', '2412', '15'), ('82', '2981200', '1673', '14906000', '6692', '8365000', '2509', '15'), ('83', '3043355', '1738', '18260130', '10428', '8690000', '2607', '15'), ('84', '3105655', '1803', '24845240', '14424', '9015000', '2704', '15'), ('85', '3258615', '1868', '32586150', '18680', '9340000', '2802', '16'), ('86', '3322560', '1933', '9967680', '3866', '9665000', '2899', '16'), ('87', '3386505', '1998', '16932525', '7992', '9990000', '2997', '16'), ('88', '3450450', '2063', '20702700', '12378', '10315000', '3094', '16'), ('89', '3514395', '2128', '28115160', '17024', '10640000', '3192', '17'), ('90', '2524065', '2210', '25240650', '22100', '11050000', '3315', '17'), ('91', '2622005', '2292', '7866015', '4584', '11460000', '3438', '17'), ('92', '2670490', '2374', '13352450', '9496', '11870000', '3561', '17'), ('93', '2719080', '2456', '16314480', '14736', '12280000', '3684', '18'), ('94', '2767565', '2538', '22140520', '20304', '12690000', '3807', '18'), ('95', '2892440', '2620', '28924400', '26200', '13100000', '3930', '18'), ('96', '2942295', '2702', '8826885', '5404', '13510000', '4053', '18'), ('97', '2992150', '2784', '14960750', '11136', '13920000', '4176', '19'), ('98', '3041900', '2866', '18251400', '17196', '14330000', '4299', '19'), ('99', '3091755', '2948', '24734040', '23584', '14740000', '4422', '19'), ('100', '3310095', '3049', '33100950', '30490', '15245000', '4573', '19');
INSERT INTO `table_level` VALUES ('101', '6408880', '3150', '19226640', '6300', '15750000', '4725', '20'), ('102', '6530760', '3251', '32653800', '13004', '16255000', '4876', '20'), ('103', '6652360', '3352', '39914160', '20112', '16760000', '5028', '20'), ('104', '6774240', '3453', '54193920', '27624', '17265000', '5179', '20'), ('105', '7073120', '3554', '70731200', '35540', '17770000', '5331', '21'), ('106', '7197760', '3655', '21593280', '7310', '18275000', '5482', '21'), ('107', '7322680', '3756', '36613400', '15024', '18780000', '5634', '21'), ('108', '7447600', '3857', '44685600', '23142', '19285000', '5785', '21'), ('109', '7572640', '3958', '60581120', '31664', '19790000', '5937', '22'), ('110', '8418600', '4080', '84186000', '40800', '20400000', '6120', '22'), ('111', '9238400', '4202', '27715200', '8404', '21010000', '6303', '22'), ('112', '9393520', '4324', '46967600', '17296', '21620000', '6486', '22'), ('113', '9548640', '4446', '57291840', '26676', '22230000', '6669', '23'), ('114', '9703880', '4568', '77631040', '36544', '22840000', '6852', '23'), ('115', '10084920', '4690', '100849200', '46900', '23450000', '7035', '23'), ('116', '10243720', '4812', '30731160', '9624', '24060000', '7218', '23'), ('117', '10402520', '4934', '52012600', '19736', '24670000', '7401', '24'), ('118', '10561200', '5056', '63367200', '30336', '25280000', '7584', '24'), ('119', '10720000', '5178', '85760000', '41424', '25890000', '7767', '24'), ('120', '11596320', '5323', '115963200', '53230', '26615000', '7984', '24'), ('121', '11772525', '5468', '35317575', '10936', '27340000', '8202', '25'), ('122', '11948610', '5613', '59743050', '22452', '28065000', '8419', '25'), ('123', '12124530', '5758', '72747180', '34548', '28790000', '8637', '25'), ('124', '12300615', '5903', '98404920', '47224', '29515000', '8854', '25'), ('125', '12755850', '6048', '127558500', '60480', '30240000', '9072', '26'), ('126', '12935955', '6193', '38807865', '12386', '30965000', '9289', '26'), ('127', '13115775', '6338', '65578875', '25352', '31690000', '9507', '26'), ('128', '13296000', '6483', '79776000', '38898', '32415000', '9724', '26'), ('129', '13475820', '6628', '107806560', '53024', '33140000', '9942', '27'), ('130', '14332098', '6798', '143320980', '67980', '33990000', '10197', '27'), ('131', '15549804', '6968', '46649412', '13936', '34840000', '10452', '27'), ('132', '15761790', '7138', '78808950', '28552', '35690000', '10707', '27'), ('133', '15973656', '7308', '95841936', '43848', '36540000', '10962', '28'), ('134', '16185522', '7478', '129484176', '59824', '37390000', '11217', '28'), ('135', '16748868', '7648', '167488680', '76480', '38240000', '11472', '28'), ('136', '16965516', '7818', '50896548', '15636', '39090000', '11727', '28'), ('137', '17181870', '7988', '85909350', '31952', '39940000', '11982', '29'), ('138', '17398518', '8158', '104391108', '48948', '40790000', '12237', '29'), ('139', '17615166', '8328', '140921328', '66624', '41640000', '12492', '29'), ('140', '11859204', '8525', '118592040', '85250', '42625000', '12787', '29'), ('141', '12010038', '8722', '36030114', '17444', '43610000', '13083', '30'), ('142', '12160578', '8919', '60802890', '35676', '44595000', '13378', '30'), ('143', '12311292', '9116', '73867752', '54696', '45580000', '13674', '30'), ('144', '12462126', '9313', '99697008', '74504', '46565000', '13969', '30'), ('145', '12876960', '9510', '128769600', '95100', '47550000', '14265', '31'), ('146', '13030656', '9707', '39091968', '19414', '48535000', '14560', '31'), ('147', '13184472', '9904', '65922360', '39616', '49520000', '14856', '31'), ('148', '13338462', '10101', '80030772', '60606', '50505000', '15151', '31'), ('149', '13492278', '10298', '107938224', '82384', '51490000', '15447', '32'), ('150', '13926060', '10524', '139260600', '105240', '52620000', '15786', '32'), ('151', '28971729', '10750', '86915187', '21500', '53750000', '16125', '32'), ('152', '29306205', '10976', '146531025', '43904', '54880000', '16464', '32'), ('153', '29640222', '11202', '177841332', '67212', '56010000', '16803', '33'), ('154', '29974698', '11428', '239797584', '91424', '57140000', '17142', '33'), ('155', '30908250', '11654', '309082500', '116540', '58270000', '17481', '33'), ('156', '31248828', '11880', '93746484', '23760', '59400000', '17820', '33'), ('157', '31589865', '12106', '157949325', '48424', '60530000', '18159', '34'), ('158', '31930902', '12332', '191585412', '73992', '61660000', '18498', '34'), ('159', '32271480', '12558', '258171840', '100464', '62790000', '18837', '34'), ('160', '35850924', '12815', '358509240', '128150', '64075000', '19222', '34'), ('161', '36242019', '13072', '108726057', '26144', '65360000', '19608', '35'), ('162', '36632790', '13329', '183163950', '53316', '66645000', '19993', '35'), ('163', '37023426', '13586', '222140556', '81516', '67930000', '20379', '35'), ('164', '37414062', '13843', '299312496', '110744', '69215000', '20764', '35'), ('165', '38505078', '14100', '385050780', '141000', '70500000', '21150', '36'), ('166', '38902869', '14357', '116708607', '28714', '71785000', '21535', '36'), ('167', '39300984', '14614', '196504920', '58456', '73070000', '21921', '36'), ('168', '39698775', '14871', '238192650', '89226', '74355000', '22306', '36'), ('169', '40096890', '15128', '320775120', '121024', '75640000', '22692', '37'), ('170', '41671623', '15418', '416716230', '154180', '77090000', '23127', '37'), ('171', '44858613', '15708', '134575839', '31416', '78540000', '23562', '37'), ('172', '45313127', '15998', '226565635', '63992', '79990000', '23997', '37'), ('173', '45767177', '16288', '274603062', '97728', '81440000', '24432', '38'), ('174', '46221227', '16578', '369769816', '132624', '82890000', '24867', '38'), ('175', '47509229', '16868', '475092290', '168680', '84340000', '25302', '38'), ('176', '47971842', '17158', '143915526', '34316', '85790000', '25737', '38'), ('177', '48433991', '17448', '242169955', '69792', '87240000', '26172', '39'), ('178', '48896604', '17738', '293379624', '106428', '88690000', '26607', '39'), ('179', '49359217', '18028', '394873736', '144224', '90140000', '27042', '39'), ('180', '53231437', '18353', '532314370', '183530', '91765000', '27529', '39'), ('181', '53740748', '18678', '161222244', '37356', '93390000', '28017', '40'), ('182', '54250667', '19003', '271253335', '76012', '95015000', '28504', '40'), ('183', '54760113', '19328', '328560678', '115968', '96640000', '28992', '40'), ('184', '55270032', '19653', '442160256', '157224', '98265000', '29479', '40'), ('185', '56758574', '19978', '567585740', '199780', '99890000', '29967', '41'), ('186', '57277209', '20303', '171831627', '40606', '101515000', '30454', '41'), ('187', '57795371', '20628', '288976855', '82512', '103140000', '30942', '41'), ('188', '58314006', '20953', '349884036', '125718', '104765000', '31429', '41'), ('189', '58832641', '21278', '470661128', '170224', '106390000', '31917', '42'), ('190', '38153358', '21640', '381533580', '216400', '108200000', '32460', '42'), ('191', '39940751', '22002', '119822253', '44004', '110010000', '33003', '42'), ('192', '40299912', '22364', '201499560', '89456', '111820000', '33546', '42'), ('193', '40658870', '22726', '243953220', '136356', '113630000', '34089', '43'), ('194', '41017693', '23088', '328141544', '184704', '115440000', '34632', '43'), ('195', '42078546', '23450', '420785460', '234500', '117250000', '35175', '43'), ('196', '42443791', '23812', '127331373', '47624', '119060000', '35718', '43'), ('197', '42808698', '24174', '214043490', '96696', '120870000', '36261', '44'), ('198', '43173943', '24536', '259043658', '147216', '122680000', '36804', '44'), ('199', '43538850', '24898', '348310800', '199184', '124490000', '37347', '44'), ('200', '57095164', '25299', '570951640', '252990', '126495000', '37948', '44');
INSERT INTO `table_level` VALUES ('201', '111058736', '25700', '333176208', '51400', '128500000', '38550', '45'), ('202', '112387090', '26101', '561935450', '104404', '130505000', '39151', '45'), ('203', '113715294', '26502', '682291764', '159012', '132510000', '39753', '45'), ('204', '115044316', '26903', '920354528', '215224', '134515000', '40354', '45'), ('205', '118461692', '27304', '1184616920', '273040', '136520000', '40956', '46'), ('206', '119814012', '27705', '359442036', '55410', '138525000', '41557', '46'), ('207', '121166182', '28106', '605830910', '112424', '140530000', '42159', '46'), ('208', '122519020', '28507', '735114120', '171042', '142535000', '42760', '46'), ('209', '123871340', '28908', '990970720', '231264', '144540000', '43362', '47'), ('210', '130990194', '29350', '1309901940', '293500', '146750000', '44025', '47'), ('211', '132454996', '29792', '397364988', '59584', '148960000', '44688', '47'), ('212', '133919798', '30234', '669598990', '120936', '151170000', '45351', '47'), ('213', '135384750', '30676', '812308500', '184056', '153380000', '46014', '48'), ('214', '136848884', '31118', '1094791072', '248944', '155590000', '46677', '48'), ('215', '140645408', '31560', '1406454080', '315600', '157800000', '47340', '48'), ('216', '142134844', '32002', '426404532', '64004', '160010000', '48003', '48'), ('217', '143624280', '32444', '718121400', '129776', '162220000', '48666', '49'), ('218', '145113566', '32886', '870681396', '197316', '164430000', '49329', '49'), ('219', '146603002', '33328', '1172824016', '266624', '166640000', '49992', '49'), ('220', '157236230', '33813', '1572362300', '338130', '169065000', '50719', '49'), ('221', '158871464', '34298', '476614392', '68596', '171490000', '51447', '50'), ('222', '160506698', '34783', '802533490', '139132', '173915000', '52174', '50'), ('223', '162141932', '35268', '972851592', '211608', '176340000', '52902', '50'), ('224', '163777689', '35753', '1310221512', '286024', '178765000', '53629', '50'), ('225', '168145566', '36238', '1681455660', '362380', '181190000', '54357', '0'), ('226', '169808166', '36723', '509424498', '73446', '183615000', '55084', '0'), ('227', '171470766', '37208', '857353830', '148832', '186040000', '55812', '0'), ('228', '173132693', '37693', '1038796158', '226158', '188465000', '56539', '0'), ('229', '174795293', '38178', '1398362344', '305424', '190890000', '57267', '0'), ('230', '181800698', '38708', '1818006980', '387080', '193540000', '58062', '0'), ('231', '183561596', '39238', '550684788', '78476', '196190000', '58857', '0'), ('232', '185323176', '39768', '926615880', '159072', '198840000', '59652', '0'), ('233', '187084074', '40298', '1122504444', '241788', '201490000', '60447', '0'), ('234', '188845654', '40828', '1510765232', '326624', '204140000', '61242', '0'), ('235', '193655036', '41358', '1936550360', '413580', '206790000', '62037', '0'), ('236', '195444360', '41888', '586333080', '83776', '209440000', '62832', '0'), ('237', '197233684', '42418', '986168420', '169672', '212090000', '63627', '0'), ('238', '199023008', '42948', '1194138048', '257688', '214740000', '64422', '0'), ('239', '200812332', '43478', '1606498656', '347824', '217390000', '65217', '0'), ('240', '138921336', '44055', '1389213360', '440550', '220275000', '66082', '0'), ('241', '140187626', '44632', '420562878', '89264', '223160000', '66948', '0'), ('242', '141454066', '45209', '707270330', '180836', '226045000', '67813', '0'), ('243', '142720356', '45786', '856322136', '274716', '228930000', '68679', '0'), ('244', '143986646', '46363', '1151893168', '370904', '231815000', '69544', '0'), ('245', '147530790', '46940', '1475307900', '469400', '234700000', '70410', '0'), ('246', '148816902', '47517', '446450706', '95034', '237585000', '71275', '0'), ('247', '150103014', '48094', '750515070', '192376', '240470000', '72141', '0'), ('302', '261093108', '88551', '1305465540', '354204', '442755000', '132826', '0'), ('303', '262829592', '89452', '1576977552', '536712', '447260000', '134178', '0'), ('304', '264566472', '90353', '2116531776', '722824', '451765000', '135529', '0'), ('305', '269835060', '91254', '2147483647', '912540', '456270000', '136881', '0'), ('306', '271594692', '92155', '814784076', '184310', '460775000', '138232', '0'), ('307', '273354324', '93056', '1366771620', '372224', '465280000', '139584', '0'), ('308', '275113896', '93957', '1650683376', '563742', '469785000', '140935', '0'), ('309', '276873528', '94858', '2147483647', '758864', '474290000', '142287', '0'), ('310', '286885248', '95820', '2147483647', '958200', '479100000', '143730', '0'), ('311', '288745128', '96782', '866235384', '193564', '483910000', '145173', '0'), ('312', '290605008', '97744', '1453025040', '390976', '488720000', '146616', '0'), ('313', '292464492', '98706', '1754786952', '592236', '493530000', '148059', '0'), ('314', '294324372', '99668', '2147483647', '797344', '498340000', '149502', '0'), ('315', '299949516', '100630', '2147483647', '1006300', '503150000', '150945', '0'), ('316', '301832880', '101592', '905498640', '203184', '507960000', '152388', '0'), ('317', '303716244', '102554', '1518581220', '410216', '512770000', '153831', '0'), ('318', '305599608', '103516', '1833597648', '621096', '517580000', '155274', '0'), ('319', '307482972', '104478', '2147483647', '835824', '522390000', '156717', '0'), ('320', '330243354', '105503', '2147483647', '1055030', '527515000', '158254', '0'), ('321', '332305695', '106528', '996917085', '213056', '532640000', '159792', '0'), ('322', '334368096', '107553', '1671840480', '430212', '537765000', '161329', '0'), ('323', '336430778', '108578', '2018584668', '651468', '542890000', '162867', '0'), ('324', '338493179', '109603', '2147483647', '876824', '548015000', '164404', '0'), ('325', '344817952', '110628', '2147483647', '1106280', '553140000', '165942', '0'), ('326', '346906383', '111653', '1040719149', '223306', '558265000', '167479', '0'), ('327', '348994413', '112678', '1744972065', '450712', '563390000', '169017', '0'), ('328', '351082844', '113703', '2106497064', '682218', '568515000', '170554', '0'), ('329', '353170874', '114728', '2147483647', '917824', '573640000', '172092', '0'), ('330', '368347070', '115818', '2147483647', '1158180', '579090000', '173727', '0'), ('331', '370559140', '116908', '1111677420', '233816', '584540000', '175362', '0'), ('332', '372770860', '117998', '1863854300', '471992', '589990000', '176997', '0'), ('333', '374982990', '119088', '2147483647', '714528', '595440000', '178632', '0'), ('334', '377194710', '120178', '2147483647', '961424', '600890000', '180267', '0'), ('335', '384039530', '121268', '2147483647', '1212680', '606340000', '181902', '0'), ('336', '386278320', '122358', '1158834960', '244716', '611790000', '183537', '0'), ('337', '388517110', '123448', '1942585550', '493792', '617240000', '185172', '0'), ('338', '390756250', '124538', '2147483647', '747228', '622690000', '186807', '0'), ('339', '392995040', '125628', '2147483647', '1005024', '628140000', '188442', '0'), ('340', '315445510', '126785', '2147483647', '1267850', '633925000', '190177', '0'), ('341', '317276490', '127942', '951829470', '255884', '639710000', '191913', '0'), ('342', '319107530', '129099', '1595537650', '516396', '645495000', '193648', '0'), ('343', '320938510', '130256', '1925631060', '781536', '651280000', '195384', '0'), ('344', '322769490', '131413', '2147483647', '1051304', '657065000', '197119', '0'), ('345', '328503330', '132570', '2147483647', '1325700', '662850000', '198855', '0'), ('346', '330356290', '133727', '991068870', '267454', '668635000', '200590', '0'), ('347', '332209190', '134884', '1661045950', '539536', '674420000', '202326', '0'), ('348', '334062150', '136041', '2004372900', '816246', '680205000', '204061', '0'), ('349', '335915400', '137198', '2147483647', '1097584', '685990000', '205797', '0'), ('350', '341780880', '138424', '2147483647', '1384240', '692120000', '207636', '0'), ('351', '479360610', '139650', '1438081830', '279300', '698250000', '209475', '0'), ('352', '482029630', '140876', '2147483647', '563504', '704380000', '211314', '0'), ('353', '484698710', '142102', '2147483647', '852612', '710510000', '213153', '0'), ('354', '487367730', '143328', '2147483647', '1146624', '716640000', '214992', '0');
INSERT INTO `table_level` VALUES ('355', '495764320', '144554', '2147483647', '1445540', '722770000', '216831', '0'), ('356', '498464600', '145780', '1495393800', '291560', '728900000', '218670', '0'), ('357', '501164940', '147006', '2147483647', '588024', '735030000', '220509', '0'), ('358', '503865280', '148232', '2147483647', '889392', '741160000', '222348', '0'), ('359', '506565620', '149458', '2147483647', '1195664', '747290000', '224187', '0'), ('360', '543265140', '150755', '2147483647', '1507550', '753775000', '226132', '0'), ('361', '546213690', '152052', '1638641070', '304104', '760260000', '228078', '0'), ('362', '549162240', '153349', '2147483647', '613396', '766745000', '230023', '0'), ('363', '552110380', '154646', '2147483647', '927876', '773230000', '231969', '0'), ('364', '555058930', '155943', '2147483647', '1247544', '779715000', '233914', '0'), ('365', '564352940', '157240', '2147483647', '1572400', '786200000', '235860', '0'), ('366', '567334800', '158537', '1702004400', '317074', '792685000', '237805', '0'), ('367', '570317010', '159834', '2147483647', '639336', '799170000', '239751', '0'), ('368', '573298870', '161131', '2147483647', '966786', '805655000', '241696', '0'), ('369', '576280670', '162428', '2147483647', '1299424', '812140000', '243642', '0'), ('370', '593079880', '163798', '2147483647', '1637980', '818990000', '245697', '0'), ('371', '596203235', '165168', '1788609705', '330336', '825840000', '247752', '0'), ('372', '599326590', '166538', '2147483647', '666152', '832690000', '249807', '0'), ('373', '602449945', '167908', '2147483647', '1007448', '839540000', '251862', '0'), ('374', '605573360', '169278', '2147483647', '1354224', '846390000', '253917', '0'), ('375', '615464705', '170648', '2147483647', '1706480', '853240000', '255972', '0'), ('376', '618622970', '172018', '1855868910', '344036', '860090000', '258027', '0'), ('377', '621780880', '173388', '2147483647', '693552', '866940000', '260082', '0'), ('378', '624939145', '174758', '2147483647', '1048548', '873790000', '262137', '0'), ('379', '628096995', '176128', '2147483647', '1409024', '880640000', '264192', '0'), ('380', '679543780', '177573', '2147483647', '1775730', '887865000', '266359', '0'), ('381', '683009060', '179018', '2049027180', '358036', '895090000', '268527', '0'), ('382', '686474280', '180463', '2147483647', '721852', '902315000', '270694', '0'), ('383', '689939560', '181908', '2147483647', '1091448', '909540000', '272862', '0'), ('384', '693404780', '183353', '2147483647', '1466824', '916765000', '275029', '0'), ('385', '704510604', '184798', '2147483647', '1847980', '923990000', '277197', '0'), ('386', '708013628', '186243', '2124040884', '372486', '931215000', '279364', '0'), ('387', '711517076', '187688', '2147483647', '750752', '938440000', '281532', '0'), ('388', '715020464', '189133', '2147483647', '1134798', '945665000', '283699', '0'), ('389', '718523488', '190578', '2147483647', '1524624', '952890000', '285867', '0'), ('390', '567354008', '192100', '2147483647', '1921000', '960500000', '288150', '0'), ('391', '570167432', '193622', '1710502296', '387244', '968110000', '290433', '0'), ('392', '572981100', '195144', '2147483647', '780576', '975720000', '292716', '0'), ('393', '575794828', '196666', '2147483647', '1179996', '983330000', '294999', '0'), ('394', '578608252', '198188', '2147483647', '1585504', '990940000', '297282', '0'), ('395', '587659764', '199710', '2147483647', '1997100', '998550000', '299565', '0'), ('396', '590503444', '201232', '1771510332', '402464', '1006160000', '301848', '0'), ('397', '593347184', '202754', '2147483647', '811016', '1013770000', '304131', '0'), ('398', '596190924', '204276', '2147483647', '1225656', '1021380000', '306414', '0'), ('399', '599034604', '205798', '2147483647', '1646384', '1028990000', '308697', '0'), ('400', '634035124', '207399', '2147483647', '2073990', '1036995000', '311098', '0'), ('401', '862573196', '209000', '2147483647', '418000', '1045000000', '313500', '0'), ('402', '867612516', '210601', '2147483647', '842404', '1053005000', '315901', '0'), ('403', '872652260', '212202', '2147483647', '1273212', '1061010000', '318303', '0'), ('404', '877691580', '213803', '2147483647', '1710424', '1069015000', '320704', '0'), ('405', '892038284', '215404', '2147483647', '2154040', '1077020000', '323106', '0'), ('406', '897131076', '217005', '2147483647', '434010', '1085025000', '325507', '0'), ('407', '902223868', '218606', '2147483647', '874424', '1093030000', '327909', '0'), ('408', '907316720', '220207', '2147483647', '1321242', '1101035000', '330310', '0'), ('409', '912409088', '221808', '2147483647', '1774464', '1109040000', '332712', '0'), ('410', '936544848', '223490', '2147483647', '2234900', '1117450000', '335235', '0'), ('411', '941846744', '225172', '2147483647', '450344', '1125860000', '337758', '0'), ('412', '947148276', '226854', '2147483647', '907416', '1134270000', '340281', '0'), ('413', '952449808', '228536', '2147483647', '1371216', '1142680000', '342804', '0'), ('414', '957751764', '230218', '2147483647', '1841744', '1151090000', '345327', '0'), ('415', '972896732', '231900', '2147483647', '2319000', '1159500000', '347850', '0'), ('416', '978252584', '233582', '2147483647', '467164', '1167910000', '350373', '0'), ('417', '983608436', '235264', '2147483647', '941056', '1176320000', '352896', '0'), ('418', '988964288', '236946', '2147483647', '1421676', '1184730000', '355419', '0'), ('419', '994320200', '238628', '2147483647', '1909024', '1193140000', '357942', '0'), ('420', '1064712678', '240393', '2147483647', '2403930', '1201965000', '360589', '0'), ('421', '1070528145', '242158', '2147483647', '484316', '1210790000', '363237', '0'), ('422', '1076343183', '243923', '2147483647', '975692', '1219615000', '365884', '0'), ('423', '1082158650', '245688', '2147483647', '1474128', '1228440000', '368532', '0'), ('424', '1087973688', '247453', '2147483647', '1979624', '1237265000', '371179', '0'), ('425', '1104824643', '249218', '2147483647', '2492180', '1246090000', '373827', '0'), ('426', '1110698607', '250983', '2147483647', '501966', '1254915000', '376474', '0'), ('427', '1116572571', '252748', '2147483647', '1010992', '1263740000', '379122', '0'), ('428', '1122446535', '254513', '2147483647', '1527078', '1272565000', '381769', '0'), ('429', '1128320499', '256278', '2147483647', '2050224', '1281390000', '384417', '0'), ('430', '1168965546', '258128', '2147483647', '2581280', '1290640000', '387192', '0'), ('431', '1175135172', '259978', '2147483647', '519956', '1299890000', '389967', '0'), ('432', '1181304858', '261828', '2147483647', '1047312', '1309140000', '392742', '0'), ('433', '1187474484', '263678', '2147483647', '1582068', '1318390000', '395517', '0'), ('434', '1193644170', '265528', '2147483647', '2124224', '1327640000', '398292', '0'), ('435', '1211679618', '267378', '2147483647', '2673780', '1336890000', '401067', '0'), ('436', '1217910312', '269228', '2147483647', '538456', '1346140000', '403842', '0'), ('437', '1224141006', '271078', '2147483647', '1084312', '1355390000', '406617', '0'), ('438', '1230371700', '272928', '2147483647', '1637568', '1364640000', '409392', '0'), ('439', '1236602394', '274778', '2147483647', '2198224', '1373890000', '412167', '0'), ('440', '1039469796', '276715', '2147483647', '2767150', '1383575000', '415072', '0'), ('441', '1044778704', '278652', '2147483647', '557304', '1393260000', '417978', '0'), ('442', '1050087294', '280589', '2147483647', '1122356', '1402945000', '420883', '0'), ('443', '1055396262', '282526', '2147483647', '1695156', '1412630000', '423789', '0'), ('444', '1060704792', '284463', '2147483647', '2275704', '1422315000', '426694', '0'), ('445', '1076421336', '286400', '2147483647', '2864000', '1432000000', '429600', '0'), ('446', '1081781934', '288337', '2147483647', '576674', '1441685000', '432505', '0'), ('447', '1087142592', '290274', '2147483647', '1161096', '1451370000', '435411', '0'), ('448', '1092503190', '292211', '2147483647', '1753266', '1461055000', '438316', '0'), ('449', '1097863788', '294148', '2147483647', '2353184', '1470740000', '441222', '0'), ('450', '1113891108', '296174', '2147483647', '2961740', '1480870000', '444261', '0'), ('451', '1476023922', '298200', '2147483647', '596400', '1491000000', '447300', '0'), ('452', '1483291902', '300226', '2147483647', '1200904', '1501130000', '450339', '0'), ('453', '1490559882', '302252', '2147483647', '1813512', '1511260000', '453378', '0'), ('454', '1497827862', '304278', '2147483647', '2434224', '1521390000', '456417', '0');
INSERT INTO `table_level` VALUES ('455', '1519467324', '306304', '2147483647', '3063040', '1531520000', '459456', '0'), ('456', '1526805126', '308330', '2147483647', '616660', '1541650000', '462495', '0'), ('457', '1534142490', '310356', '2147483647', '1241424', '1551780000', '465534', '0'), ('458', '1541479794', '312382', '2147483647', '1874292', '1561910000', '468573', '0'), ('459', '1548817158', '314408', '2147483647', '2515264', '1572040000', '471612', '0'), ('460', '1652278860', '316525', '2147483647', '3165250', '1582625000', '474787', '0'), ('461', '1660209930', '318642', '2147483647', '637284', '1593210000', '477963', '0'), ('462', '1668141438', '320759', '2147483647', '1283036', '1603795000', '481138', '0'), ('463', '1676072508', '322876', '2147483647', '1937256', '1614380000', '484314', '0'), ('464', '1684004016', '324993', '2147483647', '2599944', '1624965000', '487489', '0'), ('465', '1707761100', '327110', '2147483647', '3271100', '1635550000', '490665', '0'), ('466', '1715766672', '329227', '2147483647', '658454', '1646135000', '493840', '0'), ('467', '1723771806', '331344', '2147483647', '1325376', '1656720000', '497016', '0'), ('468', '1731777318', '333461', '2147483647', '2000766', '1667305000', '500191', '0'), ('469', '1739782890', '335578', '2147483647', '2684624', '1677890000', '503367', '0'), ('470', '1782807039', '337788', '2147483647', '3377880', '1688940000', '506682', '0'), ('471', '1791117743', '339998', '2147483647', '679996', '1699990000', '509997', '0'), ('472', '1799428507', '342208', '2147483647', '1368832', '1711040000', '513312', '0'), ('473', '1807739211', '344418', '2147483647', '2066508', '1722090000', '516627', '0'), ('474', '1816049975', '346628', '2147483647', '2773024', '1733140000', '519942', '0'), ('475', '1841111929', '348838', '2147483647', '3488380', '1744190000', '523257', '0'), ('476', '1849498876', '351048', '2147483647', '702096', '1755240000', '526572', '0'), ('477', '1857885883', '353258', '2147483647', '1413032', '1766290000', '529887', '0'), ('478', '1866272890', '355468', '2147483647', '2132808', '1777340000', '533202', '0'), ('479', '1874659837', '357678', '2147483647', '2861424', '1788390000', '536517', '0'), ('480', '2020670300', '359983', '2147483647', '3599830', '1799915000', '539974', '0'), ('481', '2029827168', '362288', '2147483647', '724576', '1811440000', '543432', '0'), ('482', '2038983976', '364593', '2147483647', '1458372', '1822965000', '546889', '0'), ('483', '2048140844', '366898', '2147483647', '2201388', '1834490000', '550347', '0'), ('484', '2057297712', '369203', '2147483647', '2953624', '1846015000', '553804', '0'), ('485', '2085201180', '371508', '2147483647', '3715080', '1857540000', '557262', '0'), ('486', '2094441012', '373813', '2147483647', '747626', '1869065000', '560719', '0'), ('487', '2103680904', '376118', '2147483647', '1504472', '1880590000', '564177', '0'), ('488', '2112921248', '378423', '2147483647', '2270538', '1892115000', '567634', '0'), ('489', '2122161080', '380728', '2147483647', '3045824', '1903640000', '571092', '0'), ('490', '1738809572', '383130', '2147483647', '3831300', '1915650000', '574695', '0'), ('491', '1746493044', '385532', '2147483647', '771064', '1927660000', '578298', '0'), ('492', '1754176064', '387934', '2147483647', '1551736', '1939670000', '581901', '0'), ('493', '1761859476', '390336', '2147483647', '2342016', '1951680000', '585504', '0'), ('494', '1769542948', '392738', '2147483647', '3141904', '1963690000', '589107', '0'), ('495', '1793061424', '395140', '2147483647', '3951400', '1975700000', '592710', '0'), ('496', '1800813136', '397542', '2147483647', '795084', '1987710000', '596313', '0'), ('497', '1808564848', '399944', '2147483647', '1599776', '1999720000', '599916', '0'), ('498', '1816316560', '402346', '2147483647', '2414076', '2011730000', '603519', '0'), ('499', '1824068272', '404748', '2147483647', '3237984', '2023740000', '607122', '0'), ('500', '1929424624', '407249', '2147483647', '4072490', '2036245000', '610873', '0'), ('501', '2147483647', '409750', '2147483647', '819500', '2048750000', '614625', '0'), ('502', '2147483647', '412251', '2147483647', '1649004', '2061255000', '618376', '0'), ('503', '2147483647', '414752', '2147483647', '2488512', '2073760000', '622128', '0'), ('504', '2147483647', '417253', '2147483647', '3338024', '2086265000', '625879', '0'), ('505', '2147483647', '419754', '2147483647', '4197540', '2098770000', '629631', '0'), ('506', '2147483647', '422255', '2147483647', '844510', '2111275000', '633382', '0'), ('507', '2147483647', '424756', '2147483647', '1699024', '2123780000', '637134', '0'), ('508', '2147483647', '427257', '2147483647', '2563542', '2136285000', '640885', '0'), ('509', '2147483647', '429758', '2147483647', '3438064', '2147483647', '644637', '0'), ('510', '2147483647', '432360', '2147483647', '4323600', '2147483647', '648540', '0'), ('511', '2147483647', '434962', '2147483647', '869924', '2147483647', '652443', '0'), ('512', '2147483647', '437564', '2147483647', '1750256', '2147483647', '656346', '0'), ('513', '2147483647', '440166', '2147483647', '2640996', '2147483647', '660249', '0'), ('514', '2147483647', '442768', '2147483647', '3542144', '2147483647', '664152', '0'), ('515', '2147483647', '445370', '2147483647', '4453700', '2147483647', '668055', '0'), ('516', '2147483647', '447972', '2147483647', '895944', '2147483647', '671958', '0'), ('517', '2147483647', '450574', '2147483647', '1802296', '2147483647', '675861', '0'), ('518', '2147483647', '453176', '2147483647', '2719056', '2147483647', '679764', '0'), ('519', '2147483647', '455778', '2147483647', '3646224', '2147483647', '683667', '0'), ('520', '2147483647', '458483', '2147483647', '4584830', '2147483647', '687724', '0'), ('521', '2147483647', '461188', '2147483647', '922376', '2147483647', '691782', '0'), ('522', '2147483647', '463893', '2147483647', '1855572', '2147483647', '695839', '0'), ('523', '2147483647', '466598', '2147483647', '2799588', '2147483647', '699897', '0'), ('524', '2147483647', '469303', '2147483647', '3754424', '2147483647', '703954', '0'), ('525', '2147483647', '472008', '2147483647', '4720080', '2147483647', '708012', '0'), ('526', '2147483647', '474713', '2147483647', '949426', '2147483647', '712069', '0'), ('527', '2147483647', '477418', '2147483647', '1909672', '2147483647', '716127', '0'), ('528', '2147483647', '480123', '2147483647', '2880738', '2147483647', '720184', '0'), ('529', '2147483647', '482828', '2147483647', '3862624', '2147483647', '724242', '0'), ('530', '2147483647', '485638', '2147483647', '4856380', '2147483647', '728457', '0'), ('531', '2147483647', '488448', '2147483647', '976896', '2147483647', '732672', '0'), ('532', '2147483647', '491258', '2147483647', '1965032', '2147483647', '736887', '0'), ('533', '2147483647', '494068', '2147483647', '2964408', '2147483647', '741102', '0'), ('534', '2147483647', '496878', '2147483647', '3975024', '2147483647', '745317', '0'), ('535', '2147483647', '499688', '2147483647', '4996880', '2147483647', '749532', '0'), ('536', '2147483647', '502498', '2147483647', '1004996', '2147483647', '753747', '0'), ('537', '2147483647', '505308', '2147483647', '2021232', '2147483647', '757962', '0'), ('538', '2147483647', '508118', '2147483647', '3048708', '2147483647', '762177', '0'), ('539', '2147483647', '510928', '2147483647', '4087424', '2147483647', '766392', '0'), ('540', '2147483647', '513845', '2147483647', '5138450', '2147483647', '770767', '0'), ('541', '2147483647', '516762', '2147483647', '1033524', '2147483647', '775143', '0'), ('542', '2147483647', '519679', '2147483647', '2078716', '2147483647', '779518', '0'), ('543', '2147483647', '522596', '2147483647', '3135576', '2147483647', '783894', '0'), ('544', '2147483647', '525513', '2147483647', '4204104', '2147483647', '788269', '0'), ('545', '2147483647', '528430', '2147483647', '5284300', '2147483647', '792645', '0'), ('546', '2147483647', '531347', '2147483647', '1062694', '2147483647', '797020', '0'), ('547', '2147483647', '534264', '2147483647', '2137056', '2147483647', '801396', '0'), ('548', '2147483647', '537181', '2147483647', '3223086', '2147483647', '805771', '0'), ('549', '2147483647', '540098', '2147483647', '4320784', '2147483647', '810147', '0'), ('550', '2147483647', '543124', '2147483647', '5431240', '2147483647', '814686', '0'), ('551', '2147483647', '546150', '2147483647', '1092300', '2147483647', '819225', '0'), ('552', '2147483647', '549176', '2147483647', '2196704', '2147483647', '823764', '0'), ('553', '2147483647', '552202', '2147483647', '3313212', '2147483647', '828303', '0'), ('554', '2147483647', '555228', '2147483647', '4441824', '2147483647', '832842', '0');
INSERT INTO `table_level` VALUES ('555', '2147483647', '558254', '2147483647', '5582540', '2147483647', '837381', '0'), ('556', '2147483647', '561280', '2147483647', '1122560', '2147483647', '841920', '0'), ('557', '2147483647', '564306', '2147483647', '2257224', '2147483647', '846459', '0'), ('558', '2147483647', '567332', '2147483647', '3403992', '2147483647', '850998', '0'), ('559', '2147483647', '570358', '2147483647', '4562864', '2147483647', '855537', '0'), ('560', '2147483647', '573495', '2147483647', '5734950', '2147483647', '860242', '0'), ('561', '2147483647', '576632', '2147483647', '1153264', '2147483647', '864948', '0'), ('562', '2147483647', '579769', '2147483647', '2319076', '2147483647', '869653', '0'), ('563', '2147483647', '582906', '2147483647', '3497436', '2147483647', '874359', '0'), ('564', '2147483647', '586043', '2147483647', '4688344', '2147483647', '879064', '0'), ('565', '2147483647', '589180', '2147483647', '5891800', '2147483647', '883770', '0'), ('566', '2147483647', '592317', '2147483647', '1184634', '2147483647', '888475', '0'), ('567', '2147483647', '595454', '2147483647', '2381816', '2147483647', '893181', '0'), ('568', '2147483647', '598591', '2147483647', '3591546', '2147483647', '897886', '0'), ('569', '2147483647', '601728', '2147483647', '4813824', '2147483647', '902592', '0'), ('570', '2147483647', '604978', '2147483647', '6049780', '2147483647', '907467', '0'), ('571', '2147483647', '608228', '2147483647', '1216456', '2147483647', '912342', '0'), ('572', '2147483647', '611478', '2147483647', '2445912', '2147483647', '917217', '0'), ('573', '2147483647', '614728', '2147483647', '3688368', '2147483647', '922092', '0'), ('574', '2147483647', '617978', '2147483647', '4943824', '2147483647', '926967', '0'), ('575', '2147483647', '621228', '2147483647', '6212280', '2147483647', '931842', '0'), ('576', '2147483647', '624478', '2147483647', '1248956', '2147483647', '936717', '0'), ('577', '2147483647', '627728', '2147483647', '2510912', '2147483647', '941592', '0'), ('578', '2147483647', '630978', '2147483647', '3785868', '2147483647', '946467', '0'), ('579', '2147483647', '634228', '2147483647', '5073824', '2147483647', '951342', '0'), ('580', '2147483647', '637593', '2147483647', '6375930', '2147483647', '956389', '0'), ('581', '2147483647', '640958', '2147483647', '1281916', '2147483647', '961437', '0'), ('582', '2147483647', '644323', '2147483647', '2577292', '2147483647', '966484', '0'), ('583', '2147483647', '647688', '2147483647', '3886128', '2147483647', '971532', '0'), ('584', '2147483647', '651053', '2147483647', '5208424', '2147483647', '976579', '0'), ('585', '2147483647', '654418', '2147483647', '6544180', '2147483647', '981627', '0'), ('586', '2147483647', '657783', '2147483647', '1315566', '2147483647', '986674', '0'), ('587', '2147483647', '661148', '2147483647', '2644592', '2147483647', '991722', '0'), ('588', '2147483647', '664513', '2147483647', '3987078', '2147483647', '996769', '0'), ('589', '2147483647', '667878', '2147483647', '5343024', '2147483647', '1001817', '0'), ('590', '2147483647', '671360', '2147483647', '6713600', '2147483647', '1007040', '0'), ('591', '2147483647', '674842', '2147483647', '1349684', '2147483647', '1012263', '0'), ('592', '2147483647', '678324', '2147483647', '2713296', '2147483647', '1017486', '0'), ('593', '2147483647', '681806', '2147483647', '4090836', '2147483647', '1022709', '0'), ('594', '2147483647', '685288', '2147483647', '5482304', '2147483647', '1027932', '0'), ('595', '2147483647', '688770', '2147483647', '6887700', '2147483647', '1033155', '0'), ('596', '2147483647', '692252', '2147483647', '1384504', '2147483647', '1038378', '0'), ('597', '2147483647', '695734', '2147483647', '2782936', '2147483647', '1043601', '0'), ('598', '2147483647', '699216', '2147483647', '4195296', '2147483647', '1048824', '0'), ('599', '2147483647', '702698', '2147483647', '5621584', '2147483647', '1054047', '0'), ('600', '2147483647', '706299', '2147483647', '7062990', '2147483647', '1059448', '0'), ('601', '2147483647', '709900', '2147483647', '1419800', '2147483647', '1064850', '0'), ('602', '2147483647', '713501', '2147483647', '2854004', '2147483647', '1070251', '0'), ('603', '2147483647', '717102', '2147483647', '4302612', '2147483647', '1075653', '0'), ('604', '2147483647', '720703', '2147483647', '5765624', '2147483647', '1081054', '0'), ('605', '2147483647', '724304', '2147483647', '7243040', '2147483647', '1086456', '0'), ('606', '2147483647', '727905', '2147483647', '1455810', '2147483647', '1091857', '0'), ('607', '2147483647', '731506', '2147483647', '2926024', '2147483647', '1097259', '0'), ('608', '2147483647', '735107', '2147483647', '4410642', '2147483647', '1102660', '0'), ('609', '2147483647', '738708', '2147483647', '5909664', '2147483647', '1108062', '0'), ('610', '2147483647', '742430', '2147483647', '7424300', '2147483647', '1113645', '0'), ('611', '2147483647', '746152', '2147483647', '1492304', '2147483647', '1119228', '0'), ('612', '2147483647', '749874', '2147483647', '2999496', '2147483647', '1124811', '0'), ('613', '2147483647', '753596', '2147483647', '4521576', '2147483647', '1130394', '0'), ('614', '2147483647', '757318', '2147483647', '6058544', '2147483647', '1135977', '0'), ('615', '2147483647', '761040', '2147483647', '7610400', '2147483647', '1141560', '0'), ('616', '2147483647', '764762', '2147483647', '1529524', '2147483647', '1147143', '0'), ('617', '2147483647', '768484', '2147483647', '3073936', '2147483647', '1152726', '0'), ('618', '2147483647', '772206', '2147483647', '4633236', '2147483647', '1158309', '0'), ('619', '2147483647', '775928', '2147483647', '6207424', '2147483647', '1163892', '0'), ('620', '2147483647', '779773', '2147483647', '7797730', '2147483647', '1169659', '0'), ('621', '2147483647', '783618', '2147483647', '1567236', '2147483647', '1175427', '0'), ('622', '2147483647', '787463', '2147483647', '3149852', '2147483647', '1181194', '0'), ('623', '2147483647', '791308', '2147483647', '4747848', '2147483647', '1186962', '0'), ('624', '2147483647', '795153', '2147483647', '6361224', '2147483647', '1192729', '0'), ('625', '2147483647', '798998', '2147483647', '7989980', '2147483647', '1198497', '0'), ('626', '2147483647', '802843', '2147483647', '1605686', '2147483647', '1204264', '0'), ('627', '2147483647', '806688', '2147483647', '3226752', '2147483647', '1210032', '0'), ('628', '2147483647', '810533', '2147483647', '4863198', '2147483647', '1215799', '0'), ('629', '2147483647', '814378', '2147483647', '6515024', '2147483647', '1221567', '0'), ('630', '2147483647', '818348', '2147483647', '8183480', '2147483647', '1227522', '0'), ('631', '2147483647', '822318', '2147483647', '1644636', '2147483647', '1233477', '0'), ('632', '2147483647', '826288', '2147483647', '3305152', '2147483647', '1239432', '0'), ('633', '2147483647', '830258', '2147483647', '4981548', '2147483647', '1245387', '0'), ('634', '2147483647', '834228', '2147483647', '6673824', '2147483647', '1251342', '0'), ('635', '2147483647', '838198', '2147483647', '8381980', '2147483647', '1257297', '0'), ('636', '2147483647', '842168', '2147483647', '1684336', '2147483647', '1263252', '0'), ('637', '2147483647', '846138', '2147483647', '3384552', '2147483647', '1269207', '0'), ('638', '2147483647', '850108', '2147483647', '5100648', '2147483647', '1275162', '0'), ('639', '2147483647', '854078', '2147483647', '6832624', '2147483647', '1281117', '0'), ('640', '2147483647', '858175', '2147483647', '8581750', '2147483647', '1287262', '0'), ('641', '2147483647', '862272', '2147483647', '1724544', '2147483647', '1293408', '0'), ('642', '2147483647', '866369', '2147483647', '3465476', '2147483647', '1299553', '0'), ('643', '2147483647', '870466', '2147483647', '5222796', '2147483647', '1305699', '0'), ('644', '2147483647', '874563', '2147483647', '6996504', '2147483647', '1311844', '0'), ('645', '2147483647', '878660', '2147483647', '8786600', '2147483647', '1317990', '0'), ('646', '2147483647', '882757', '2147483647', '1765514', '2147483647', '1324135', '0'), ('647', '2147483647', '886854', '2147483647', '3547416', '2147483647', '1330281', '0'), ('648', '2147483647', '890951', '2147483647', '5345706', '2147483647', '1336426', '0'), ('649', '2147483647', '895048', '2147483647', '7160384', '2147483647', '1342572', '0'), ('650', '2147483647', '899274', '2147483647', '8992740', '2147483647', '1348911', '0'), ('651', '2147483647', '903500', '2147483647', '1807000', '2147483647', '1355250', '0'), ('652', '2147483647', '907726', '2147483647', '3630904', '2147483647', '1361589', '0'), ('653', '2147483647', '911952', '2147483647', '5471712', '2147483647', '1367928', '0'), ('654', '2147483647', '916178', '2147483647', '7329424', '2147483647', '1374267', '0');
INSERT INTO `table_level` VALUES ('655', '2147483647', '920404', '2147483647', '9204040', '2147483647', '1380606', '0'), ('656', '2147483647', '924630', '2147483647', '1849260', '2147483647', '1386945', '0'), ('657', '2147483647', '928856', '2147483647', '3715424', '2147483647', '1393284', '0'), ('658', '2147483647', '933082', '2147483647', '5598492', '2147483647', '1399623', '0'), ('659', '2147483647', '937308', '2147483647', '7498464', '2147483647', '1405962', '0'), ('660', '2147483647', '941665', '2147483647', '9416650', '2147483647', '1412497', '0'), ('661', '2147483647', '946022', '2147483647', '1892044', '2147483647', '1419033', '0'), ('662', '2147483647', '950379', '2147483647', '3801516', '2147483647', '1425568', '0'), ('663', '2147483647', '954736', '2147483647', '5728416', '2147483647', '1432104', '0'), ('664', '2147483647', '959093', '2147483647', '7672744', '2147483647', '1438639', '0'), ('665', '2147483647', '963450', '2147483647', '9634500', '2147483647', '1445175', '0'), ('666', '2147483647', '967807', '2147483647', '1935614', '2147483647', '1451710', '0'), ('667', '2147483647', '972164', '2147483647', '3888656', '2147483647', '1458246', '0'), ('668', '2147483647', '976521', '2147483647', '5859126', '2147483647', '1464781', '0'), ('669', '2147483647', '980878', '2147483647', '7847024', '2147483647', '1471317', '0'), ('670', '2147483647', '985368', '2147483647', '9853680', '2147483647', '1478052', '0'), ('671', '2147483647', '989858', '2147483647', '1979716', '2147483647', '1484787', '0'), ('672', '2147483647', '994348', '2147483647', '3977392', '2147483647', '1491522', '0'), ('673', '2147483647', '998838', '2147483647', '5993028', '2147483647', '1498257', '0'), ('674', '2147483647', '1003328', '2147483647', '8026624', '2147483647', '1504992', '0'), ('675', '2147483647', '1007818', '2147483647', '10078180', '2147483647', '1511727', '0'), ('676', '2147483647', '1012308', '2147483647', '2024616', '2147483647', '1518462', '0'), ('677', '2147483647', '1016798', '2147483647', '4067192', '2147483647', '1525197', '0'), ('678', '2147483647', '1021288', '2147483647', '6127728', '2147483647', '1531932', '0'), ('679', '2147483647', '1025778', '2147483647', '8206224', '2147483647', '1538667', '0'), ('680', '2147483647', '1030403', '2147483647', '10304030', '2147483647', '1545604', '0'), ('681', '2147483647', '1035028', '2147483647', '2070056', '2147483647', '1552542', '0'), ('682', '2147483647', '1039653', '2147483647', '4158612', '2147483647', '1559479', '0'), ('683', '2147483647', '1044278', '2147483647', '6265668', '2147483647', '1566417', '0'), ('684', '2147483647', '1048903', '2147483647', '8391224', '2147483647', '1573354', '0'), ('685', '2147483647', '1053528', '2147483647', '10535280', '2147483647', '1580292', '0'), ('686', '2147483647', '1058153', '2147483647', '2116306', '2147483647', '1587229', '0'), ('687', '2147483647', '1062778', '2147483647', '4251112', '2147483647', '1594167', '0'), ('688', '2147483647', '1067403', '2147483647', '6404418', '2147483647', '1601104', '0'), ('689', '2147483647', '1072028', '2147483647', '8576224', '2147483647', '1608042', '0'), ('690', '2147483647', '1076790', '2147483647', '10767900', '2147483647', '1615185', '0'), ('691', '2147483647', '1081552', '2147483647', '2163104', '2147483647', '1622328', '0'), ('692', '2147483647', '1086314', '2147483647', '4345256', '2147483647', '1629471', '0'), ('693', '2147483647', '1091076', '2147483647', '6546456', '2147483647', '1636614', '0'), ('694', '2147483647', '1095838', '2147483647', '8766704', '2147483647', '1643757', '0'), ('695', '2147483647', '1100600', '2147483647', '11006000', '2147483647', '1650900', '0'), ('696', '2147483647', '1105362', '2147483647', '2210724', '2147483647', '1658043', '0'), ('697', '2147483647', '1110124', '2147483647', '4440496', '2147483647', '1665186', '0'), ('698', '2147483647', '1114886', '2147483647', '6689316', '2147483647', '1672329', '0'), ('699', '2147483647', '1119648', '2147483647', '8957184', '2147483647', '1679472', '0'), ('700', '2147483647', '1124549', '2147483647', '11245490', '2147483647', '1686823', '0'), ('701', '2147483647', '1129450', '2147483647', '2258900', '2147483647', '1694175', '0'), ('702', '2147483647', '1134351', '2147483647', '4537404', '2147483647', '1701526', '0'), ('703', '2147483647', '1139252', '2147483647', '6835512', '2147483647', '1708878', '0'), ('704', '2147483647', '1144153', '2147483647', '9153224', '2147483647', '1716229', '0'), ('705', '2147483647', '1149054', '2147483647', '11490540', '2147483647', '1723581', '0'), ('706', '2147483647', '1153955', '2147483647', '2307910', '2147483647', '1730932', '0'), ('707', '2147483647', '1158856', '2147483647', '4635424', '2147483647', '1738284', '0'), ('708', '2147483647', '1163757', '2147483647', '6982542', '2147483647', '1745635', '0'), ('709', '2147483647', '1168658', '2147483647', '9349264', '2147483647', '1752987', '0'), ('710', '2147483647', '1173700', '2147483647', '11737000', '2147483647', '1760550', '0'), ('711', '2147483647', '1178742', '2147483647', '2357484', '2147483647', '1768113', '0'), ('712', '2147483647', '1183784', '2147483647', '4735136', '2147483647', '1775676', '0'), ('713', '2147483647', '1188826', '2147483647', '7132956', '2147483647', '1783239', '0'), ('714', '2147483647', '1193868', '2147483647', '9550944', '2147483647', '1790802', '0'), ('715', '2147483647', '1198910', '2147483647', '11989100', '2147483647', '1798365', '0'), ('716', '2147483647', '1203952', '2147483647', '2407904', '2147483647', '1805928', '0'), ('717', '2147483647', '1208994', '2147483647', '4835976', '2147483647', '1813491', '0'), ('718', '2147483647', '1214036', '2147483647', '7284216', '2147483647', '1821054', '0'), ('719', '2147483647', '1219078', '2147483647', '9752624', '2147483647', '1828617', '0'), ('720', '2147483647', '1224263', '2147483647', '12242630', '2147483647', '1836394', '0'), ('721', '2147483647', '1229448', '2147483647', '2458896', '2147483647', '1844172', '0'), ('722', '2147483647', '1234633', '2147483647', '4938532', '2147483647', '1851949', '0'), ('723', '2147483647', '1239818', '2147483647', '7438908', '2147483647', '1859727', '0'), ('724', '2147483647', '1245003', '2147483647', '9960024', '2147483647', '1867504', '0'), ('725', '2147483647', '1250188', '2147483647', '12501880', '2147483647', '1875282', '0'), ('726', '2147483647', '1255373', '2147483647', '2510746', '2147483647', '1883059', '0'), ('727', '2147483647', '1260558', '2147483647', '5042232', '2147483647', '1890837', '0'), ('728', '2147483647', '1265743', '2147483647', '7594458', '2147483647', '1898614', '0'), ('729', '2147483647', '1270928', '2147483647', '10167424', '2147483647', '1906392', '0'), ('730', '2147483647', '1276258', '2147483647', '12762580', '2147483647', '1914387', '0'), ('731', '2147483647', '1281588', '2147483647', '2563176', '2147483647', '1922382', '0'), ('732', '2147483647', '1286918', '2147483647', '5147672', '2147483647', '1930377', '0'), ('733', '2147483647', '1292248', '2147483647', '7753488', '2147483647', '1938372', '0'), ('734', '2147483647', '1297578', '2147483647', '10380624', '2147483647', '1946367', '0'), ('735', '2147483647', '1302908', '2147483647', '13029080', '2147483647', '1954362', '0'), ('736', '2147483647', '1308238', '2147483647', '2616476', '2147483647', '1962357', '0'), ('737', '2147483647', '1313568', '2147483647', '5254272', '2147483647', '1970352', '0'), ('738', '2147483647', '1318898', '2147483647', '7913388', '2147483647', '1978347', '0'), ('739', '2147483647', '1324228', '2147483647', '10593824', '2147483647', '1986342', '0'), ('740', '2147483647', '1329705', '2147483647', '13297050', '2147483647', '1994557', '0'), ('741', '2147483647', '1335182', '2147483647', '2670364', '2147483647', '2002773', '0'), ('742', '2147483647', '1340659', '2147483647', '5362636', '2147483647', '2010988', '0'), ('743', '2147483647', '1346136', '2147483647', '8076816', '2147483647', '2019204', '0'), ('744', '2147483647', '1351613', '2147483647', '10812904', '2147483647', '2027419', '0'), ('745', '2147483647', '1357090', '2147483647', '13570900', '2147483647', '2035635', '0'), ('746', '2147483647', '1362567', '2147483647', '2725134', '2147483647', '2043850', '0'), ('747', '2147483647', '1368044', '2147483647', '5472176', '2147483647', '2052066', '0'), ('748', '2147483647', '1373521', '2147483647', '8241126', '2147483647', '2060281', '0'), ('749', '2147483647', '1378998', '2147483647', '11031984', '2147483647', '2068497', '0'), ('750', '2147483647', '1384624', '2147483647', '13846240', '2147483647', '2076936', '0'), ('751', '2147483647', '1390250', '2147483647', '2780500', '2147483647', '2085375', '0'), ('752', '2147483647', '1395876', '2147483647', '5583504', '2147483647', '2093814', '0'), ('753', '2147483647', '1401502', '2147483647', '8409012', '2147483647', '2102253', '0'), ('754', '2147483647', '1407128', '2147483647', '11257024', '2147483647', '2110692', '0');
INSERT INTO `table_level` VALUES ('755', '2147483647', '1412754', '2147483647', '14127540', '2147483647', '2119131', '0'), ('756', '2147483647', '1418380', '2147483647', '2836760', '2147483647', '2127570', '0'), ('757', '2147483647', '1424006', '2147483647', '5696024', '2147483647', '2136009', '0'), ('758', '2147483647', '1429632', '2147483647', '8577792', '2147483647', '2144448', '0'), ('759', '2147483647', '1435258', '2147483647', '11482064', '2147483647', '2152887', '0'), ('760', '2147483647', '1441035', '2147483647', '14410350', '2147483647', '2161552', '0'), ('761', '2147483647', '1446812', '2147483647', '2893624', '2147483647', '2170218', '0'), ('762', '2147483647', '1452589', '2147483647', '5810356', '2147483647', '2178883', '0'), ('763', '2147483647', '1458366', '2147483647', '8750196', '2147483647', '2187549', '0'), ('764', '2147483647', '1464143', '2147483647', '11713144', '2147483647', '2196214', '0'), ('765', '2147483647', '1469920', '2147483647', '14699200', '2147483647', '2204880', '0'), ('766', '2147483647', '1475697', '2147483647', '2951394', '2147483647', '2213545', '0'), ('767', '2147483647', '1481474', '2147483647', '5925896', '2147483647', '2222211', '0'), ('768', '2147483647', '1487251', '2147483647', '8923506', '2147483647', '2230876', '0'), ('769', '2147483647', '1493028', '2147483647', '11944224', '2147483647', '2239542', '0'), ('770', '2147483647', '1498958', '2147483647', '14989580', '2147483647', '2248437', '0'), ('771', '2147483647', '1504888', '2147483647', '3009776', '2147483647', '2257332', '0'), ('772', '2147483647', '1510818', '2147483647', '6043272', '2147483647', '2266227', '0'), ('773', '2147483647', '1516748', '2147483647', '9100488', '2147483647', '2275122', '0'), ('774', '2147483647', '1522678', '2147483647', '12181424', '2147483647', '2284017', '0'), ('775', '2147483647', '1528608', '2147483647', '15286080', '2147483647', '2292912', '0'), ('776', '2147483647', '1534538', '2147483647', '3069076', '2147483647', '2301807', '0'), ('777', '2147483647', '1540468', '2147483647', '6161872', '2147483647', '2310702', '0'), ('778', '2147483647', '1546398', '2147483647', '9278388', '2147483647', '2319597', '0'), ('779', '2147483647', '1552328', '2147483647', '12418624', '2147483647', '2328492', '0'), ('780', '2147483647', '1558413', '2147483647', '15584130', '2147483647', '2337619', '0'), ('781', '2147483647', '1564498', '2147483647', '3128996', '2147483647', '2346747', '0'), ('782', '2147483647', '1570583', '2147483647', '6282332', '2147483647', '2355874', '0'), ('783', '2147483647', '1576668', '2147483647', '9460008', '2147483647', '2365002', '0'), ('784', '2147483647', '1582753', '2147483647', '12662024', '2147483647', '2374129', '0'), ('785', '2147483647', '1588838', '2147483647', '15888380', '2147483647', '2383257', '0'), ('786', '2147483647', '1594923', '2147483647', '3189846', '2147483647', '2392384', '0'), ('787', '2147483647', '1601008', '2147483647', '6404032', '2147483647', '2401512', '0'), ('788', '2147483647', '1607093', '2147483647', '9642558', '2147483647', '2410639', '0'), ('789', '2147483647', '1613178', '2147483647', '12905424', '2147483647', '2419767', '0'), ('790', '2147483647', '1619420', '2147483647', '16194200', '2147483647', '2429130', '0'), ('791', '2147483647', '1625662', '2147483647', '3251324', '2147483647', '2438493', '0'), ('792', '2147483647', '1631904', '2147483647', '6527616', '2147483647', '2447856', '0'), ('793', '2147483647', '1638146', '2147483647', '9828876', '2147483647', '2457219', '0'), ('794', '2147483647', '1644388', '2147483647', '13155104', '2147483647', '2466582', '0'), ('795', '2147483647', '1650630', '2147483647', '16506300', '2147483647', '2475945', '0'), ('796', '2147483647', '1656872', '2147483647', '3313744', '2147483647', '2485308', '0'), ('797', '2147483647', '1663114', '2147483647', '6652456', '2147483647', '2494671', '0'), ('798', '2147483647', '1669356', '2147483647', '10016136', '2147483647', '2504034', '0'), ('799', '2147483647', '1675598', '2147483647', '13404784', '2147483647', '2513397', '0'), ('800', '2147483647', '1681999', '2147483647', '16819990', '2147483647', '2522998', '0'), ('801', '2147483647', '1688400', '2147483647', '3376800', '2147483647', '2532600', '0'), ('802', '2147483647', '1694801', '2147483647', '6779204', '2147483647', '2542201', '0'), ('803', '2147483647', '1701202', '2147483647', '10207212', '2147483647', '2551803', '0'), ('804', '2147483647', '1707603', '2147483647', '13660824', '2147483647', '2561404', '0'), ('805', '2147483647', '1714004', '2147483647', '17140040', '2147483647', '2571006', '0'), ('806', '2147483647', '1720405', '2147483647', '3440810', '2147483647', '2580607', '0'), ('807', '2147483647', '1726806', '2147483647', '6907224', '2147483647', '2590209', '0'), ('808', '2147483647', '1733207', '2147483647', '10399242', '2147483647', '2599810', '0'), ('809', '2147483647', '1739608', '2147483647', '13916864', '2147483647', '2609412', '0'), ('810', '2147483647', '1746170', '2147483647', '17461700', '2147483647', '2619255', '0'), ('811', '2147483647', '1752732', '2147483647', '3505464', '2147483647', '2629098', '0'), ('812', '2147483647', '1759294', '2147483647', '7037176', '2147483647', '2638941', '0'), ('813', '2147483647', '1765856', '2147483647', '10595136', '2147483647', '2648784', '0'), ('814', '2147483647', '1772418', '2147483647', '14179344', '2147483647', '2658627', '0'), ('815', '2147483647', '1778980', '2147483647', '17789800', '2147483647', '2668470', '0'), ('816', '2147483647', '1785542', '2147483647', '3571084', '2147483647', '2678313', '0'), ('817', '2147483647', '1792104', '2147483647', '7168416', '2147483647', '2688156', '0'), ('818', '2147483647', '1798666', '2147483647', '10791996', '2147483647', '2697999', '0'), ('819', '2147483647', '1805228', '2147483647', '14441824', '2147483647', '2707842', '0'), ('820', '2147483647', '1811953', '2147483647', '18119530', '2147483647', '2717929', '0'), ('821', '2147483647', '1818678', '2147483647', '3637356', '2147483647', '2728017', '0'), ('822', '2147483647', '1825403', '2147483647', '7301612', '2147483647', '2738104', '0'), ('823', '2147483647', '1832128', '2147483647', '10992768', '2147483647', '2748192', '0'), ('824', '2147483647', '1838853', '2147483647', '14710824', '2147483647', '2758279', '0'), ('825', '2147483647', '1845578', '2147483647', '18455780', '2147483647', '2768367', '0'), ('826', '2147483647', '1852303', '2147483647', '3704606', '2147483647', '2778454', '0'), ('827', '2147483647', '1859028', '2147483647', '7436112', '2147483647', '2788542', '0'), ('828', '2147483647', '1865753', '2147483647', '11194518', '2147483647', '2798629', '0'), ('829', '2147483647', '1872478', '2147483647', '14979824', '2147483647', '2808717', '0'), ('830', '2147483647', '1879368', '2147483647', '18793680', '2147483647', '2819052', '0'), ('831', '2147483647', '1886258', '2147483647', '3772516', '2147483647', '2829387', '0'), ('832', '2147483647', '1893148', '2147483647', '7572592', '2147483647', '2839722', '0'), ('833', '2147483647', '1900038', '2147483647', '11400228', '2147483647', '2850057', '0'), ('834', '2147483647', '1906928', '2147483647', '15255424', '2147483647', '2860392', '0'), ('835', '2147483647', '1913818', '2147483647', '19138180', '2147483647', '2870727', '0'), ('836', '2147483647', '1920708', '2147483647', '3841416', '2147483647', '2881062', '0'), ('837', '2147483647', '1927598', '2147483647', '7710392', '2147483647', '2891397', '0'), ('838', '2147483647', '1934488', '2147483647', '11606928', '2147483647', '2901732', '0'), ('839', '2147483647', '1941378', '2147483647', '15531024', '2147483647', '2912067', '0'), ('840', '2147483647', '1948435', '2147483647', '19484350', '2147483647', '2922652', '0'), ('841', '2147483647', '1955492', '2147483647', '3910984', '2147483647', '2933238', '0'), ('842', '2147483647', '1962549', '2147483647', '7850196', '2147483647', '2943823', '0'), ('843', '2147483647', '1969606', '2147483647', '11817636', '2147483647', '2954409', '0'), ('844', '2147483647', '1976663', '2147483647', '15813304', '2147483647', '2964994', '0'), ('845', '2147483647', '1983720', '2147483647', '19837200', '2147483647', '2975580', '0'), ('846', '2147483647', '1990777', '2147483647', '3981554', '2147483647', '2986165', '0'), ('847', '2147483647', '1997834', '2147483647', '7991336', '2147483647', '2996751', '0'), ('848', '2147483647', '2004891', '2147483647', '12029346', '2147483647', '3007336', '0'), ('849', '2147483647', '2011948', '2147483647', '16095584', '2147483647', '3017922', '0'), ('850', '2147483647', '2019174', '2147483647', '20191740', '2147483647', '3028761', '0'), ('851', '2147483647', '2026400', '2147483647', '4052800', '2147483647', '3039600', '0'), ('852', '2147483647', '2033626', '2147483647', '8134504', '2147483647', '3050439', '0'), ('853', '2147483647', '2040852', '2147483647', '12245112', '2147483647', '3061278', '0'), ('854', '2147483647', '2048078', '2147483647', '16384624', '2147483647', '3072117', '0');
INSERT INTO `table_level` VALUES ('855', '2147483647', '2055304', '2147483647', '20553040', '2147483647', '3082956', '0'), ('856', '2147483647', '2062530', '2147483647', '4125060', '2147483647', '3093795', '0'), ('857', '2147483647', '2069756', '2147483647', '8279024', '2147483647', '3104634', '0'), ('858', '2147483647', '2076982', '2147483647', '12461892', '2147483647', '3115473', '0'), ('859', '2147483647', '2084208', '2147483647', '16673664', '2147483647', '3126312', '0'), ('860', '2147483647', '2091605', '2147483647', '20916050', '2147483647', '3137407', '0'), ('861', '2147483647', '2099002', '2147483647', '4198004', '2147483647', '3148503', '0'), ('862', '2147483647', '2106399', '2147483647', '8425596', '2147483647', '3159598', '0'), ('863', '2147483647', '2113796', '2147483647', '12682776', '2147483647', '3170694', '0'), ('864', '2147483647', '2121193', '2147483647', '16969544', '2147483647', '3181789', '0'), ('865', '2147483647', '2128590', '2147483647', '21285900', '2147483647', '3192885', '0'), ('866', '2147483647', '2135987', '2147483647', '4271974', '2147483647', '3203980', '0'), ('867', '2147483647', '2143384', '2147483647', '8573536', '2147483647', '3215076', '0'), ('868', '2147483647', '2150781', '2147483647', '12904686', '2147483647', '3226171', '0'), ('869', '2147483647', '2158178', '2147483647', '17265424', '2147483647', '3237267', '0'), ('870', '2147483647', '2165748', '2147483647', '21657480', '2147483647', '3248622', '0'), ('871', '2147483647', '2173318', '2147483647', '4346636', '2147483647', '3259977', '0'), ('872', '2147483647', '2180888', '2147483647', '8723552', '2147483647', '3271332', '0'), ('873', '2147483647', '2188458', '2147483647', '13130748', '2147483647', '3282687', '0'), ('874', '2147483647', '2196028', '2147483647', '17568224', '2147483647', '3294042', '0'), ('875', '2147483647', '2203598', '2147483647', '22035980', '2147483647', '3305397', '0'), ('876', '2147483647', '2211168', '2147483647', '4422336', '2147483647', '3316752', '0'), ('877', '2147483647', '2218738', '2147483647', '8874952', '2147483647', '3328107', '0'), ('878', '2147483647', '2226308', '2147483647', '13357848', '2147483647', '3339462', '0'), ('879', '2147483647', '2233878', '2147483647', '17871024', '2147483647', '3350817', '0'), ('880', '2147483647', '2241623', '2147483647', '22416230', '2147483647', '3362434', '0'), ('881', '2147483647', '2249368', '2147483647', '4498736', '2147483647', '3374052', '0'), ('882', '2147483647', '2257113', '2147483647', '9028452', '2147483647', '3385669', '0'), ('883', '2147483647', '2264858', '2147483647', '13589148', '2147483647', '3397287', '0'), ('884', '2147483647', '2272603', '2147483647', '18180824', '2147483647', '3408904', '0'), ('885', '2147483647', '2280348', '2147483647', '22803480', '2147483647', '3420522', '0'), ('886', '2147483647', '2288093', '2147483647', '4576186', '2147483647', '3432139', '0'), ('887', '2147483647', '2295838', '2147483647', '9183352', '2147483647', '3443757', '0'), ('888', '2147483647', '2303583', '2147483647', '13821498', '2147483647', '3455374', '0'), ('889', '2147483647', '2311328', '2147483647', '18490624', '2147483647', '3466992', '0'), ('890', '2147483647', '2319250', '2147483647', '23192500', '2147483647', '3478875', '0'), ('891', '2147483647', '2327172', '2147483647', '4654344', '2147483647', '3490758', '0'), ('892', '2147483647', '2335094', '2147483647', '9340376', '2147483647', '3502641', '0'), ('893', '2147483647', '2343016', '2147483647', '14058096', '2147483647', '3514524', '0'), ('894', '2147483647', '2350938', '2147483647', '18807504', '2147483647', '3526407', '0'), ('895', '2147483647', '2358860', '2147483647', '23588600', '2147483647', '3538290', '0'), ('896', '2147483647', '2366782', '2147483647', '4733564', '2147483647', '3550173', '0'), ('897', '2147483647', '2374704', '2147483647', '9498816', '2147483647', '3562056', '0'), ('898', '2147483647', '2382626', '2147483647', '14295756', '2147483647', '3573939', '0'), ('899', '2147483647', '2390548', '2147483647', '19124384', '2147483647', '3585822', '0'), ('900', '2147483647', '2398649', '2147483647', '23986490', '2147483647', '3597973', '0'), ('901', '2147483647', '2406750', '2147483647', '4813500', '2147483647', '3610125', '0'), ('902', '2147483647', '2414851', '2147483647', '9659404', '2147483647', '3622276', '0'), ('903', '2147483647', '2422952', '2147483647', '14537712', '2147483647', '3634428', '0'), ('904', '2147483647', '2431053', '2147483647', '19448424', '2147483647', '3646579', '0'), ('905', '2147483647', '2439154', '2147483647', '24391540', '2147483647', '3658731', '0'), ('906', '2147483647', '2447255', '2147483647', '4894510', '2147483647', '3670882', '0'), ('907', '2147483647', '2455356', '2147483647', '9821424', '2147483647', '3683034', '0'), ('908', '2147483647', '2463457', '2147483647', '14780742', '2147483647', '3695185', '0'), ('909', '2147483647', '2471558', '2147483647', '19772464', '2147483647', '3707337', '0'), ('910', '2147483647', '2479840', '2147483647', '24798400', '2147483647', '3719760', '0'), ('911', '2147483647', '2488122', '2147483647', '4976244', '2147483647', '3732183', '0'), ('912', '2147483647', '2496404', '2147483647', '9985616', '2147483647', '3744606', '0'), ('913', '2147483647', '2504686', '2147483647', '15028116', '2147483647', '3757029', '0'), ('914', '2147483647', '2512968', '2147483647', '20103744', '2147483647', '3769452', '0'), ('915', '2147483647', '2521250', '2147483647', '25212500', '2147483647', '3781875', '0'), ('916', '2147483647', '2529532', '2147483647', '5059064', '2147483647', '3794298', '0'), ('917', '2147483647', '2537814', '2147483647', '10151256', '2147483647', '3806721', '0'), ('918', '2147483647', '2546096', '2147483647', '15276576', '2147483647', '3819144', '0'), ('919', '2147483647', '2554378', '2147483647', '20435024', '2147483647', '3831567', '0'), ('920', '2147483647', '2562843', '2147483647', '25628430', '2147483647', '3844264', '0'), ('921', '2147483647', '2571308', '2147483647', '5142616', '2147483647', '3856962', '0'), ('922', '2147483647', '2579773', '2147483647', '10319092', '2147483647', '3869659', '0'), ('923', '2147483647', '2588238', '2147483647', '15529428', '2147483647', '3882357', '0'), ('924', '2147483647', '2596703', '2147483647', '20773624', '2147483647', '3895054', '0'), ('925', '2147483647', '2605168', '2147483647', '26051680', '2147483647', '3907752', '0'), ('926', '2147483647', '2613633', '2147483647', '5227266', '2147483647', '3920449', '0'), ('927', '2147483647', '2622098', '2147483647', '10488392', '2147483647', '3933147', '0'), ('928', '2147483647', '2630563', '2147483647', '15783378', '2147483647', '3945844', '0'), ('929', '2147483647', '2639028', '2147483647', '21112224', '2147483647', '3958542', '0'), ('930', '2147483647', '2647678', '2147483647', '26476780', '2147483647', '3971517', '0'), ('931', '2147483647', '2656328', '2147483647', '5312656', '2147483647', '3984492', '0'), ('932', '2147483647', '2664978', '2147483647', '10659912', '2147483647', '3997467', '0'), ('933', '2147483647', '2673628', '2147483647', '16041768', '2147483647', '4010442', '0'), ('934', '2147483647', '2682278', '2147483647', '21458224', '2147483647', '4023417', '0'), ('935', '2147483647', '2690928', '2147483647', '26909280', '2147483647', '4036392', '0'), ('936', '2147483647', '2699578', '2147483647', '5399156', '2147483647', '4049367', '0'), ('937', '2147483647', '2708228', '2147483647', '10832912', '2147483647', '4062342', '0'), ('938', '2147483647', '2716878', '2147483647', '16301268', '2147483647', '4075317', '0'), ('939', '2147483647', '2725528', '2147483647', '21804224', '2147483647', '4088292', '0'), ('940', '2147483647', '2734365', '2147483647', '27343650', '2147483647', '4101547', '0'), ('941', '2147483647', '2743202', '2147483647', '5486404', '2147483647', '4114803', '0'), ('942', '2147483647', '2752039', '2147483647', '11008156', '2147483647', '4128058', '0'), ('943', '2147483647', '2760876', '2147483647', '16565256', '2147483647', '4141314', '0'), ('944', '2147483647', '2769713', '2147483647', '22157704', '2147483647', '4154569', '0'), ('945', '2147483647', '2778550', '2147483647', '27785500', '2147483647', '4167825', '0'), ('946', '2147483647', '2787387', '2147483647', '5574774', '2147483647', '4181080', '0'), ('947', '2147483647', '2796224', '2147483647', '11184896', '2147483647', '4194336', '0'), ('948', '2147483647', '2805061', '2147483647', '16830366', '2147483647', '4207591', '0'), ('949', '2147483647', '2813898', '2147483647', '22511184', '2147483647', '4220847', '0'), ('950', '2147483647', '2822924', '2147483647', '28229240', '2147483647', '4234386', '0'), ('951', '2147483647', '2831950', '2147483647', '5663900', '2147483647', '4247925', '0'), ('952', '2147483647', '2840976', '2147483647', '11363904', '2147483647', '4261464', '0'), ('953', '2147483647', '2850002', '2147483647', '17100012', '2147483647', '4275003', '0'), ('954', '2147483647', '2859028', '2147483647', '22872224', '2147483647', '4288542', '0');
INSERT INTO `table_level` VALUES ('955', '2147483647', '2868054', '2147483647', '28680540', '2147483647', '4302081', '0'), ('956', '2147483647', '2877080', '2147483647', '5754160', '2147483647', '4315620', '0'), ('957', '2147483647', '2886106', '2147483647', '11544424', '2147483647', '4329159', '0'), ('958', '2147483647', '2895132', '2147483647', '17370792', '2147483647', '4342698', '0'), ('959', '2147483647', '2904158', '2147483647', '23233264', '2147483647', '4356237', '0'), ('960', '2147483647', '2913375', '2147483647', '29133750', '2147483647', '4370062', '0'), ('961', '2147483647', '2922592', '2147483647', '5845184', '2147483647', '4383888', '0'), ('962', '2147483647', '2931809', '2147483647', '11727236', '2147483647', '4397713', '0'), ('963', '2147483647', '2941026', '2147483647', '17646156', '2147483647', '4411539', '0'), ('964', '2147483647', '2950243', '2147483647', '23601944', '2147483647', '4425364', '0'), ('965', '2147483647', '2959460', '2147483647', '29594600', '2147483647', '4439190', '0'), ('966', '2147483647', '2968677', '2147483647', '5937354', '2147483647', '4453015', '0'), ('967', '2147483647', '2977894', '2147483647', '11911576', '2147483647', '4466841', '0'), ('968', '2147483647', '2987111', '2147483647', '17922666', '2147483647', '4480666', '0'), ('969', '2147483647', '2996328', '2147483647', '23970624', '2147483647', '4494492', '0'), ('970', '2147483647', '3005738', '2147483647', '30057380', '2147483647', '4508607', '0'), ('971', '2147483647', '3015148', '2147483647', '6030296', '2147483647', '4522722', '0'), ('972', '2147483647', '3024558', '2147483647', '12098232', '2147483647', '4536837', '0'), ('973', '2147483647', '3033968', '2147483647', '18203808', '2147483647', '4550952', '0'), ('974', '2147483647', '3043378', '2147483647', '24347024', '2147483647', '4565067', '0'), ('975', '2147483647', '3052788', '2147483647', '30527880', '2147483647', '4579182', '0'), ('976', '2147483647', '3062198', '2147483647', '6124396', '2147483647', '4593297', '0'), ('977', '2147483647', '3071608', '2147483647', '12286432', '2147483647', '4607412', '0'), ('978', '2147483647', '3081018', '2147483647', '18486108', '2147483647', '4621527', '0'), ('979', '2147483647', '3090428', '2147483647', '24723424', '2147483647', '4635642', '0'), ('980', '2147483647', '3100033', '2147483647', '31000330', '2147483647', '4650049', '0'), ('981', '2147483647', '3109638', '2147483647', '6219276', '2147483647', '4664457', '0'), ('982', '2147483647', '3119243', '2147483647', '12476972', '2147483647', '4678864', '0'), ('983', '2147483647', '3128848', '2147483647', '18773088', '2147483647', '4693272', '0'), ('984', '2147483647', '3138453', '2147483647', '25107624', '2147483647', '4707679', '0'), ('985', '2147483647', '3148058', '2147483647', '31480580', '2147483647', '4722087', '0'), ('986', '2147483647', '3157663', '2147483647', '6315326', '2147483647', '4736494', '0'), ('987', '2147483647', '3167268', '2147483647', '12669072', '2147483647', '4750902', '0'), ('988', '2147483647', '3176873', '2147483647', '19061238', '2147483647', '4765309', '0'), ('989', '2147483647', '3186478', '2147483647', '25491824', '2147483647', '4779717', '0'), ('990', '2147483647', '3196280', '2147483647', '31962800', '2147483647', '4794420', '0'), ('991', '2147483647', '3206082', '2147483647', '6412164', '2147483647', '4809123', '0'), ('992', '2147483647', '3215884', '2147483647', '12863536', '2147483647', '4823826', '0'), ('993', '2147483647', '3225686', '2147483647', '19354116', '2147483647', '4838529', '0'), ('994', '2147483647', '3235488', '2147483647', '25883904', '2147483647', '4853232', '0'), ('995', '2147483647', '3245290', '2147483647', '32452900', '2147483647', '4867935', '0'), ('996', '2147483647', '3255092', '2147483647', '6510184', '2147483647', '4882638', '0'), ('997', '2147483647', '3264894', '2147483647', '13059576', '2147483647', '4897341', '0'), ('998', '2147483647', '3274696', '2147483647', '19648176', '2147483647', '4912044', '0'), ('999', '2147483647', '3284498', '2147483647', '26275984', '2147483647', '4926747', '0'), ('1000', '2147483647', '3294499', '2147483647', '32944990', '2147483647', '4941748', '0');
COMMIT;

-- ----------------------------
-- Table structure for table_parter_upgrade
-- ----------------------------
DROP TABLE IF EXISTS `table_parter_upgrade`;
CREATE TABLE `table_parter_upgrade` (
`level`  int(7) NOT NULL ,
`cost`  int(20) NULL DEFAULT NULL ,
`effadd`  int(20) NULL DEFAULT NULL ,
PRIMARY KEY (`level`)
)
ENGINE=InnoDB
DEFAULT CHARACTER SET=utf8 COLLATE=utf8_general_ci

;

-- ----------------------------
-- Records of table_parter_upgrade
-- ----------------------------
BEGIN;
INSERT INTO `table_parter_upgrade` VALUES ('1', '1', '10'), ('2', '2', '10'), ('3', '2', '10'), ('4', '3', '10'), ('5', '4', '10'), ('6', '4', '10'), ('7', '4', '10'), ('8', '5', '10'), ('9', '6', '10'), ('10', '8', '10'), ('11', '8', '10'), ('12', '25', '10'), ('13', '52', '10'), ('14', '87', '10'), ('15', '135', '10'), ('16', '135', '10'), ('17', '184', '10'), ('18', '251', '10'), ('19', '329', '10'), ('20', '482', '10'), ('21', '482', '10'), ('22', '585', '10'), ('23', '740', '10'), ('24', '914', '10'), ('25', '1117', '10'), ('26', '1117', '10'), ('27', '1138', '10'), ('28', '1372', '10'), ('29', '1627', '10'), ('30', '2037', '10'), ('31', '2037', '10'), ('32', '2146', '10'), ('33', '2612', '10'), ('34', '3135', '10'), ('35', '3728', '10'), ('36', '3728', '10'), ('37', '3728', '10'), ('38', '4284', '10'), ('39', '5004', '10'), ('40', '6018', '10'), ('41', '6018', '10'), ('42', '6018', '10'), ('43', '7102', '10'), ('44', '8354', '10'), ('45', '9722', '10'), ('46', '9722', '10'), ('47', '9722', '10'), ('48', '10667', '10'), ('49', '12308', '10'), ('50', '14429', '10'), ('51', '14429', '10'), ('52', '14429', '10'), ('53', '16091', '10'), ('54', '18625', '10'), ('55', '21397', '10'), ('56', '21397', '10'), ('57', '21397', '10'), ('58', '22681', '10'), ('59', '25893', '10'), ('60', '29871', '10'), ('61', '29871', '10'), ('62', '29871', '10'), ('63', '31993', '10'), ('64', '36632', '10'), ('65', '41641', '10'), ('66', '41641', '10'), ('67', '41641', '10'), ('68', '42999', '10'), ('69', '48708', '10'), ('70', '55538', '10'), ('71', '55538', '10'), ('72', '55538', '10'), ('73', '57773', '10'), ('74', '65594', '10'), ('75', '73980', '10'), ('76', '73980', '10'), ('77', '73980', '10'), ('78', '74834', '10'), ('79', '84286', '10'), ('80', '98612', '10'), ('81', '98612', '10'), ('82', '98612', '10'), ('83', '100821', '10'), ('84', '113432', '10'), ('85', '126848', '10'), ('86', '126848', '10'), ('87', '126848', '10'), ('88', '126885', '10'), ('89', '141849', '10'), ('90', '158913', '10'), ('91', '158913', '10'), ('92', '158913', '10'), ('93', '159644', '10'), ('94', '178676', '10'), ('95', '198854', '10'), ('96', '198854', '10'), ('97', '198854', '10'), ('98', '198854', '10'), ('99', '218595', '10'), ('100', '243603', '10');
INSERT INTO `table_parter_upgrade` VALUES ('101', '243603', '10'), ('102', '243603', '10'), ('103', '243603', '10'), ('104', '268968', '10'), ('105', '298145', '10'), ('106', '298145', '10'), ('107', '298145', '10'), ('108', '298145', '10'), ('109', '323123', '10'), ('110', '370689', '10'), ('111', '370689', '10'), ('112', '370689', '10'), ('113', '370689', '10'), ('114', '404102', '10'), ('115', '445493', '10'), ('116', '445493', '10'), ('117', '445493', '10'), ('118', '445493', '10'), ('119', '478139', '10'), ('120', '527592', '10'), ('121', '527592', '10'), ('122', '527592', '10'), ('123', '527592', '10'), ('124', '567992', '10'), ('125', '624432', '10'), ('126', '624432', '10'), ('127', '624432', '10'), ('128', '624432', '10'), ('129', '663470', '10'), ('130', '729944', '10'), ('131', '729944', '10'), ('132', '729944', '10'), ('133', '729944', '10'), ('134', '777572', '10'), ('135', '852802', '10'), ('136', '852802', '10'), ('137', '852802', '10'), ('138', '852802', '10'), ('139', '898271', '10'), ('140', '1018056', '10'), ('141', '1018056', '10'), ('142', '1018056', '10'), ('143', '1018056', '10'), ('144', '1076854', '10'), ('145', '1176219', '10'), ('146', '1176219', '10'), ('147', '1176219', '10'), ('148', '1176219', '10'), ('149', '1232104', '10'), ('150', '1346535', '10'), ('151', '1346535', '10'), ('152', '1346535', '10'), ('153', '1346535', '10'), ('154', '1413208', '10'), ('155', '1540809', '10'), ('156', '1540809', '10'), ('157', '1540809', '10'), ('158', '1540809', '10'), ('159', '1603352', '10'), ('160', '1748984', '10'), ('161', '1748984', '10'), ('162', '1748984', '10'), ('163', '1748984', '10'), ('164', '1823004', '10'), ('165', '1984505', '10'), ('166', '1984505', '10'), ('167', '1984505', '10'), ('168', '1984505', '10'), ('169', '2052974', '10'), ('170', '2306518', '10'), ('171', '2306518', '10'), ('172', '2306518', '10'), ('173', '2306518', '10'), ('174', '2394180', '10'), ('175', '2597657', '10'), ('176', '2597657', '10'), ('177', '2597657', '10'), ('178', '2597657', '10'), ('179', '2678404', '10'), ('180', '2907099', '10'), ('181', '2907099', '10'), ('182', '2907099', '10'), ('183', '2907099', '10'), ('184', '3001390', '10'), ('185', '3252402', '10'), ('186', '3252402', '10'), ('187', '3252402', '10'), ('188', '3252402', '10'), ('189', '3337863', '10'), ('190', '3618208', '10'), ('191', '3618208', '10'), ('192', '3618208', '10'), ('193', '3618208', '10'), ('194', '3717613', '10'), ('195', '4024020', '10'), ('196', '4024020', '10'), ('197', '4024020', '10'), ('198', '4024020', '10'), ('199', '4112385', '10'), ('200', '4589235', '10');
INSERT INTO `table_parter_upgrade` VALUES ('201', '4589235', '10'), ('202', '4589235', '10'), ('203', '4589235', '10'), ('204', '4703363', '10'), ('205', '5076738', '10'), ('206', '5076738', '10'), ('207', '5076738', '10'), ('208', '5076738', '10'), ('209', '5177782', '10'), ('210', '5590295', '10'), ('211', '5590295', '10'), ('212', '5590295', '10'), ('213', '5590295', '10'), ('214', '5706952', '10'), ('215', '6154349', '10'), ('216', '6154349', '10'), ('217', '6154349', '10'), ('218', '6154349', '10'), ('219', '6255062', '10'), ('220', '6746999', '10'), ('221', '6746999', '10'), ('222', '6746999', '10'), ('223', '6746999', '10'), ('224', '6863394', '10'), ('225', '7395222', '10'), ('226', '7395222', '10'), ('227', '7395222', '10'), ('228', '7395222', '10'), ('229', '7492508', '10'), ('230', '8315236', '10'), ('231', '8315236', '10'), ('232', '8315236', '10'), ('233', '8315236', '10'), ('234', '8445511', '10'), ('235', '9077651', '10'), ('236', '9077651', '10'), ('237', '9077651', '10'), ('238', '9077651', '10'), ('239', '9185852', '10'), ('240', '9875358', '10'), ('241', '9875358', '10'), ('242', '9875358', '10'), ('243', '9875358', '10'), ('244', '10000286', '10'), ('245', '10741248', '10'), ('246', '10741248', '10'), ('247', '10741248', '10'), ('248', '10741248', '10'), ('249', '10840222', '10'), ('250', '11645525', '10'), ('251', '11645525', '10'), ('252', '11645525', '10'), ('253', '11645525', '10'), ('254', '11760740', '10'), ('255', '12623954', '10'), ('256', '12623954', '10'), ('257', '12623954', '10'), ('258', '12623954', '10'), ('259', '12708871', '10'), ('260', '14038349', '10'), ('261', '14038349', '10'), ('262', '14038349', '10'), ('263', '14038349', '10'), ('264', '14163950', '10'), ('265', '15170383', '10'), ('266', '15170383', '10'), ('267', '15170383', '10'), ('268', '15170383', '10'), ('269', '15261756', '10'), ('270', '16348669', '10'), ('271', '16348669', '10'), ('272', '16348669', '10'), ('273', '16348669', '10'), ('274', '16456523', '10'), ('275', '17616026', '10'), ('276', '17616026', '10'), ('277', '17616026', '10'), ('278', '17616026', '10'), ('279', '17684541', '10'), ('280', '18933271', '10'), ('281', '18933271', '10'), ('282', '18933271', '10'), ('283', '18933271', '10'), ('284', '19016960', '10'), ('285', '20346364', '10'), ('286', '20346364', '10'), ('287', '20346364', '10'), ('288', '20346364', '10'), ('289', '20385136', '10'), ('290', '22425882', '10'), ('291', '22425882', '10'), ('292', '22425882', '10'), ('293', '22425882', '10'), ('294', '22513433', '10'), ('295', '24039595', '10'), ('296', '24039595', '10'), ('297', '24039595', '10'), ('298', '24039595', '10'), ('299', '24077073', '10'), ('300', '25712355', '10');
INSERT INTO `table_parter_upgrade` VALUES ('301', '25712355', '10'), ('302', '25712355', '10'), ('303', '25712355', '10'), ('304', '25764282', '10'), ('305', '27498473', '10'), ('306', '27498473', '10'), ('307', '27498473', '10'), ('308', '27498473', '10'), ('309', '27498473', '10'), ('310', '29347708', '10'), ('311', '29347708', '10'), ('312', '29347708', '10'), ('313', '29347708', '10'), ('314', '29355413', '10'), ('315', '31318041', '10'), ('316', '31318041', '10'), ('317', '31318041', '10'), ('318', '31318041', '10'), ('319', '31318041', '10'), ('320', '34267360', '10'), ('321', '34267360', '10'), ('322', '34267360', '10'), ('323', '34267360', '10'), ('324', '34268460', '10'), ('325', '36493397', '10'), ('326', '36493397', '10'), ('327', '36493397', '10'), ('328', '36493397', '10'), ('329', '36493397', '10'), ('330', '38793225', '10'), ('331', '38793225', '10'), ('332', '38793225', '10'), ('333', '38793225', '10'), ('334', '38793225', '10'), ('335', '41234137', '10'), ('336', '41234137', '10'), ('337', '41234137', '10'), ('338', '41234137', '10'), ('339', '41234137', '10'), ('340', '43753504', '10'), ('341', '43753504', '10'), ('342', '43753504', '10'), ('343', '43753504', '10'), ('344', '43753504', '10'), ('345', '46422700', '10'), ('346', '46422700', '10'), ('347', '46422700', '10'), ('348', '46422700', '10'), ('349', '46422700', '10'), ('350', '50483195', '10'), ('351', '50483195', '10'), ('352', '50483195', '10'), ('353', '50483195', '10'), ('354', '50483195', '10'), ('355', '53471964', '10'), ('356', '53471964', '10'), ('357', '53471964', '10'), ('358', '53471964', '10'), ('359', '53471964', '10'), ('360', '56551167', '10'), ('361', '56551167', '10'), ('362', '56551167', '10'), ('363', '56551167', '10'), ('364', '56551167', '10'), ('365', '59803024', '10'), ('366', '59803024', '10'), ('367', '59803024', '10'), ('368', '59803024', '10'), ('369', '59803024', '10'), ('370', '63150601', '10'), ('371', '63150601', '10'), ('372', '63150601', '10'), ('373', '63150601', '10'), ('374', '63150601', '10'), ('375', '66680625', '10'), ('376', '66680625', '10'), ('377', '66680625', '10'), ('378', '66680625', '10'), ('379', '66680625', '10'), ('380', '72133643', '10'), ('381', '72133643', '10'), ('382', '72133643', '10'), ('383', '72133643', '10'), ('384', '72133643', '10'), ('385', '76056327', '10'), ('386', '76056327', '10'), ('387', '76056327', '10'), ('388', '76056327', '10'), ('389', '76056327', '10'), ('390', '80088411', '10'), ('391', '80088411', '10'), ('392', '80088411', '10'), ('393', '80088411', '10'), ('394', '80088411', '10'), ('395', '84328511', '10'), ('396', '84328511', '10'), ('397', '84328511', '10'), ('398', '84328511', '10'), ('399', '84328511', '10'), ('400', '88683780', '10');
INSERT INTO `table_parter_upgrade` VALUES ('401', '88683780', '10'), ('402', '88683780', '10'), ('403', '88683780', '10'), ('404', '88683780', '10'), ('405', '93258034', '10'), ('406', '93258034', '10'), ('407', '93258034', '10'), ('408', '93258034', '10'), ('409', '93258034', '10'), ('410', '100427430', '10'), ('411', '100427430', '10'), ('412', '100427430', '10'), ('413', '100427430', '10'), ('414', '100427430', '10'), ('415', '105477396', '10'), ('416', '105477396', '10'), ('417', '105477396', '10'), ('418', '105477396', '10'), ('419', '105477396', '10'), ('420', '110657642', '10'), ('421', '110657642', '10'), ('422', '110657642', '10'), ('423', '110657642', '10'), ('424', '110657642', '10'), ('425', '116085680', '10'), ('426', '116085680', '10'), ('427', '116085680', '10'), ('428', '116085680', '10'), ('429', '116085680', '10'), ('430', '121650537', '10'), ('431', '121650537', '10'), ('432', '121650537', '10'), ('433', '121650537', '10'), ('434', '121650537', '10'), ('435', '127475108', '10'), ('436', '127475108', '10'), ('437', '127475108', '10'), ('438', '127475108', '10'), ('439', '127475108', '10'), ('440', '136730396', '10'), ('441', '136730396', '10'), ('442', '136730396', '10'), ('443', '136730396', '10'), ('444', '136730396', '10'), ('445', '143124104', '10'), ('446', '143124104', '10'), ('447', '143124104', '10'), ('448', '143124104', '10'), ('449', '143124104', '10'), ('450', '149671519', '10'), ('451', '149671519', '10'), ('452', '149671519', '10'), ('453', '149671519', '10'), ('454', '149671519', '10'), ('455', '156510571', '10'), ('456', '156510571', '10'), ('457', '156510571', '10'), ('458', '156510571', '10'), ('459', '156510571', '10'), ('460', '163510485', '10'), ('461', '163510485', '10'), ('462', '163510485', '10'), ('463', '163510485', '10'), ('464', '163510485', '10'), ('465', '170815123', '10'), ('466', '170815123', '10'), ('467', '170815123', '10'), ('468', '170815123', '10'), ('469', '170815123', '10'), ('470', '182574414', '10'), ('471', '182574414', '10'), ('472', '182574414', '10'), ('473', '182574414', '10'), ('474', '182574414', '10'), ('475', '190552758', '10'), ('476', '190552758', '10'), ('477', '190552758', '10'), ('478', '190552758', '10'), ('479', '190552758', '10'), ('480', '198710616', '10'), ('481', '198710616', '10'), ('482', '198710616', '10'), ('483', '198710616', '10'), ('484', '198710616', '10'), ('485', '207208587', '10'), ('486', '207208587', '10'), ('487', '207208587', '10'), ('488', '207208587', '10'), ('489', '207208587', '10'), ('490', '215893755', '10'), ('491', '215893755', '10'), ('492', '215893755', '10'), ('493', '215893755', '10'), ('494', '215893755', '10'), ('495', '224933445', '10'), ('496', '224933445', '10'), ('497', '224933445', '10'), ('498', '224933445', '10'), ('499', '224933445', '10'), ('500', '239665938', '10');
INSERT INTO `table_parter_upgrade` VALUES ('501', '239665938', '10'), ('502', '239665938', '10'), ('503', '239665938', '10'), ('504', '239665938', '10'), ('505', '249495427', '10'), ('506', '249495427', '10'), ('507', '249495427', '10'), ('508', '249495427', '10'), ('509', '249495427', '10'), ('510', '259532715', '10'), ('511', '259532715', '10'), ('512', '259532715', '10'), ('513', '259532715', '10'), ('514', '259532715', '10'), ('515', '269963206', '10'), ('516', '269963206', '10'), ('517', '269963206', '10'), ('518', '269963206', '10'), ('519', '269963206', '10'), ('520', '280609823', '10'), ('521', '280609823', '10'), ('522', '280609823', '10'), ('523', '280609823', '10'), ('524', '280609823', '10'), ('525', '291665430', '10'), ('526', '291665430', '10'), ('527', '291665430', '10'), ('528', '291665430', '10'), ('529', '291665430', '10'), ('530', '309895307', '10'), ('531', '309895307', '10'), ('532', '309895307', '10'), ('533', '309895307', '10'), ('534', '309895307', '10'), ('535', '321869014', '10'), ('536', '321869014', '10'), ('537', '321869014', '10'), ('538', '321869014', '10'), ('539', '321869014', '10'), ('540', '334081368', '10'), ('541', '334081368', '10'), ('542', '334081368', '10'), ('543', '334081368', '10'), ('544', '334081368', '10'), ('545', '346745173', '10'), ('546', '346745173', '10'), ('547', '346745173', '10'), ('548', '346745173', '10'), ('549', '346745173', '10'), ('550', '359656619', '10'), ('551', '359656619', '10'), ('552', '359656619', '10'), ('553', '359656619', '10'), ('554', '359656619', '10'), ('555', '373036368', '10'), ('556', '373036368', '10'), ('557', '373036368', '10'), ('558', '373036368', '10'), ('559', '373036368', '10'), ('560', '395344488', '10'), ('561', '395344488', '10'), ('562', '395344488', '10'), ('563', '395344488', '10'), ('564', '395344488', '10'), ('565', '409783426', '10'), ('566', '409783426', '10'), ('567', '409783426', '10'), ('568', '409783426', '10'), ('569', '409783426', '10'), ('570', '424494903', '10'), ('571', '424494903', '10'), ('572', '424494903', '10'), ('573', '424494903', '10'), ('574', '424494903', '10'), ('575', '439720699', '10'), ('576', '439720699', '10'), ('577', '439720699', '10'), ('578', '439720699', '10'), ('579', '439720699', '10'), ('580', '455228588', '10'), ('581', '455228588', '10'), ('582', '455228588', '10'), ('583', '455228588', '10'), ('584', '455228588', '10'), ('585', '471269244', '10'), ('586', '471269244', '10'), ('587', '471269244', '10'), ('588', '471269244', '10'), ('589', '471269244', '10'), ('590', '498296713', '10'), ('591', '498296713', '10'), ('592', '498296713', '10'), ('593', '498296713', '10'), ('594', '498296713', '10'), ('595', '515551153', '10'), ('596', '515551153', '10'), ('597', '515551153', '10'), ('598', '515551153', '10'), ('599', '515551153', '10'), ('600', '533114415', '10');
INSERT INTO `table_parter_upgrade` VALUES ('601', '533114415', '10'), ('602', '533114415', '10'), ('603', '533114415', '10'), ('604', '533114415', '10'), ('605', '551260407', '10'), ('606', '551260407', '10'), ('607', '551260407', '10'), ('608', '551260407', '10'), ('609', '551260407', '10'), ('610', '569725879', '10'), ('611', '569725879', '10'), ('612', '569725879', '10'), ('613', '569725879', '10'), ('614', '569725879', '10'), ('615', '588793790', '10'), ('616', '588793790', '10'), ('617', '588793790', '10'), ('618', '588793790', '10'), ('619', '588793790', '10'), ('620', '621245038', '10'), ('621', '621245038', '10'), ('622', '621245038', '10'), ('623', '621245038', '10'), ('624', '621245038', '10'), ('625', '641695157', '10'), ('626', '641695157', '10'), ('627', '641695157', '10'), ('628', '641695157', '10'), ('629', '641695157', '10'), ('630', '662493510', '10'), ('631', '662493510', '10'), ('632', '662493510', '10'), ('633', '662493510', '10'), ('634', '662493510', '10'), ('635', '683948499', '10'), ('636', '683948499', '10'), ('637', '683948499', '10'), ('638', '683948499', '10'), ('639', '683948499', '10'), ('640', '705763120', '10'), ('641', '705763120', '10'), ('642', '705763120', '10'), ('643', '705763120', '10'), ('644', '705763120', '10'), ('645', '728255375', '10'), ('646', '728255375', '10'), ('647', '728255375', '10'), ('648', '728255375', '10'), ('649', '728255375', '10'), ('650', '766900827', '10'), ('651', '766900827', '10'), ('652', '766900827', '10'), ('653', '766900827', '10'), ('654', '766900827', '10'), ('655', '790958252', '10'), ('656', '790958252', '10'), ('657', '790958252', '10'), ('658', '790958252', '10'), ('659', '790958252', '10'), ('660', '815406438', '10'), ('661', '815406438', '10'), ('662', '815406438', '10'), ('663', '815406438', '10'), ('664', '815406438', '10'), ('665', '840590856', '10'), ('666', '840590856', '10'), ('667', '840590856', '10'), ('668', '840590856', '10'), ('669', '840590856', '10'), ('670', '866177742', '10'), ('671', '866177742', '10'), ('672', '866177742', '10'), ('673', '866177742', '10'), ('674', '866177742', '10'), ('675', '892523475', '10'), ('676', '892523475', '10'), ('677', '892523475', '10'), ('678', '892523475', '10'), ('679', '892523475', '10'), ('680', '938202460', '10'), ('681', '938202460', '10'), ('682', '938202460', '10'), ('683', '938202460', '10'), ('684', '938202460', '10'), ('685', '966311605', '10'), ('686', '966311605', '10'), ('687', '966311605', '10'), ('688', '966311605', '10'), ('689', '966311605', '10'), ('690', '994856956', '10'), ('691', '994856956', '10'), ('692', '994856956', '10'), ('693', '994856956', '10'), ('694', '994856956', '10'), ('695', '1024223863', '10'), ('696', '1024223863', '10'), ('697', '1024223863', '10'), ('698', '1024223863', '10'), ('699', '1024223863', '10'), ('700', '1054039753', '10');
INSERT INTO `table_parter_upgrade` VALUES ('701', '1054039753', '10'), ('702', '1054039753', '10'), ('703', '1054039753', '10'), ('704', '1054039753', '10'), ('705', '1084701174', '10'), ('706', '1084701174', '10'), ('707', '1084701174', '10'), ('708', '1084701174', '10'), ('709', '1084701174', '10'), ('710', '1138324682', '10'), ('711', '1138324682', '10'), ('712', '1138324682', '10'), ('713', '1138324682', '10'), ('714', '1138324682', '10'), ('715', '1170963312', '10'), ('716', '1170963312', '10'), ('717', '1170963312', '10'), ('718', '1170963312', '10'), ('719', '1170963312', '10'), ('720', '1204087068', '10'), ('721', '1204087068', '10'), ('722', '1204087068', '10'), ('723', '1204087068', '10'), ('724', '1204087068', '10'), ('725', '1238123608', '10'), ('726', '1238123608', '10'), ('727', '1238123608', '10'), ('728', '1238123608', '10'), ('729', '1238123608', '10'), ('730', '1272658841', '10'), ('731', '1272658841', '10'), ('732', '1272658841', '10'), ('733', '1272658841', '10'), ('734', '1272658841', '10'), ('735', '1308132549', '10'), ('736', '1308132549', '10'), ('737', '1308132549', '10'), ('738', '1308132549', '10'), ('739', '1308132549', '10'), ('740', '1370686442', '10'), ('741', '1370686442', '10'), ('742', '1370686442', '10'), ('743', '1370686442', '10'), ('744', '1370686442', '10'), ('745', '1408367613', '10'), ('746', '1408367613', '10'), ('747', '1408367613', '10'), ('748', '1408367613', '10'), ('749', '1408367613', '10'), ('750', '1446585769', '10'), ('751', '1446585769', '10'), ('752', '1446585769', '10'), ('753', '1446585769', '10'), ('754', '1446585769', '10'), ('755', '1485814519', '10'), ('756', '1485814519', '10'), ('757', '1485814519', '10'), ('758', '1485814519', '10'), ('759', '1485814519', '10'), ('760', '1525594797', '10'), ('761', '1525594797', '10'), ('762', '1525594797', '10'), ('763', '1525594797', '10'), ('764', '1525594797', '10'), ('765', '1566412796', '10'), ('766', '1566412796', '10'), ('767', '1566412796', '10'), ('768', '1566412796', '10'), ('769', '1566412796', '10'), ('770', '1638960574', '10'), ('771', '1638960574', '10'), ('772', '1638960574', '10'), ('773', '1638960574', '10'), ('774', '1638960574', '10'), ('775', '1682233000', '10'), ('776', '1682233000', '10'), ('777', '1682233000', '10'), ('778', '1682233000', '10'), ('779', '1682233000', '10'), ('780', '1726098134', '10'), ('781', '1726098134', '10'), ('782', '1726098134', '10'), ('783', '1726098134', '10'), ('784', '1726098134', '10'), ('785', '1771077613', '10'), ('786', '1771077613', '10'), ('787', '1771077613', '10'), ('788', '1771077613', '10'), ('789', '1771077613', '10'), ('790', '1816665356', '10'), ('791', '1816665356', '10'), ('792', '1816665356', '10'), ('793', '1816665356', '10'), ('794', '1816665356', '10'), ('795', '1863396207', '10'), ('796', '1863396207', '10'), ('797', '1863396207', '10'), ('798', '1863396207', '10'), ('799', '1863396207', '10'), ('800', '1947081920', '10');
INSERT INTO `table_parter_upgrade` VALUES ('801', '1947081920', '10'), ('802', '1947081920', '10'), ('803', '1947081920', '10'), ('804', '1947081920', '10'), ('805', '1996531799', '10'), ('806', '1996531799', '10'), ('807', '1996531799', '10'), ('808', '1996531799', '10'), ('809', '1996531799', '10'), ('810', '2046633399', '10'), ('811', '2046633399', '10'), ('812', '2046633399', '10'), ('813', '2046633399', '10'), ('814', '2046633399', '10'), ('815', '2097959899', '10'), ('816', '2097959899', '10'), ('817', '2097959899', '10'), ('818', '2097959899', '10'), ('819', '2097959899', '10'), ('820', '2147483647', '10'), ('821', '2147483647', '10'), ('822', '2147483647', '10'), ('823', '2147483647', '10'), ('824', '2147483647', '10'), ('825', '2147483647', '10'), ('826', '2147483647', '10'), ('827', '2147483647', '10'), ('828', '2147483647', '10'), ('829', '2147483647', '10'), ('830', '2147483647', '10'), ('831', '2147483647', '10'), ('832', '2147483647', '10'), ('833', '2147483647', '10'), ('834', '2147483647', '10'), ('835', '2147483647', '10'), ('836', '2147483647', '10'), ('837', '2147483647', '10'), ('838', '2147483647', '10'), ('839', '2147483647', '10'), ('840', '2147483647', '10'), ('841', '2147483647', '10'), ('842', '2147483647', '10'), ('843', '2147483647', '10'), ('844', '2147483647', '10'), ('845', '2147483647', '10'), ('846', '2147483647', '10'), ('847', '2147483647', '10'), ('848', '2147483647', '10'), ('849', '2147483647', '10'), ('850', '2147483647', '10'), ('851', '2147483647', '10'), ('852', '2147483647', '10'), ('853', '2147483647', '10'), ('854', '2147483647', '10'), ('855', '2147483647', '10'), ('856', '2147483647', '10'), ('857', '2147483647', '10'), ('858', '2147483647', '10'), ('859', '2147483647', '10'), ('860', '2147483647', '10'), ('861', '2147483647', '10'), ('862', '2147483647', '10'), ('863', '2147483647', '10'), ('864', '2147483647', '10'), ('865', '2147483647', '10'), ('866', '2147483647', '10'), ('867', '2147483647', '10'), ('868', '2147483647', '10'), ('869', '2147483647', '10'), ('870', '2147483647', '10'), ('871', '2147483647', '10'), ('872', '2147483647', '10'), ('873', '2147483647', '10'), ('874', '2147483647', '10'), ('875', '2147483647', '10'), ('876', '2147483647', '10'), ('877', '2147483647', '10'), ('878', '2147483647', '10'), ('879', '2147483647', '10'), ('880', '2147483647', '10'), ('881', '2147483647', '10'), ('882', '2147483647', '10'), ('883', '2147483647', '10'), ('884', '2147483647', '10'), ('885', '2147483647', '10'), ('886', '2147483647', '10'), ('887', '2147483647', '10'), ('888', '2147483647', '10'), ('889', '2147483647', '10'), ('890', '2147483647', '10'), ('891', '2147483647', '10'), ('892', '2147483647', '10'), ('893', '2147483647', '10'), ('894', '2147483647', '10'), ('895', '2147483647', '10'), ('896', '2147483647', '10'), ('897', '2147483647', '10'), ('898', '2147483647', '10'), ('899', '2147483647', '10'), ('900', '2147483647', '10');
INSERT INTO `table_parter_upgrade` VALUES ('901', '2147483647', '10'), ('902', '2147483647', '10'), ('903', '2147483647', '10'), ('904', '2147483647', '10'), ('905', '2147483647', '10'), ('906', '2147483647', '10'), ('907', '2147483647', '10'), ('908', '2147483647', '10'), ('909', '2147483647', '10'), ('910', '2147483647', '10'), ('911', '2147483647', '10'), ('912', '2147483647', '10'), ('913', '2147483647', '10'), ('914', '2147483647', '10'), ('915', '2147483647', '10'), ('916', '2147483647', '10'), ('917', '2147483647', '10'), ('918', '2147483647', '10'), ('919', '2147483647', '10'), ('920', '2147483647', '10'), ('921', '2147483647', '10'), ('922', '2147483647', '10'), ('923', '2147483647', '10'), ('924', '2147483647', '10'), ('925', '2147483647', '10'), ('926', '2147483647', '10'), ('927', '2147483647', '10'), ('928', '2147483647', '10'), ('929', '2147483647', '10'), ('930', '2147483647', '10'), ('931', '2147483647', '10'), ('932', '2147483647', '10'), ('933', '2147483647', '10'), ('934', '2147483647', '10'), ('935', '2147483647', '10'), ('936', '2147483647', '10'), ('937', '2147483647', '10'), ('938', '2147483647', '10'), ('939', '2147483647', '10'), ('940', '2147483647', '10'), ('941', '2147483647', '10'), ('942', '2147483647', '10'), ('943', '2147483647', '10'), ('944', '2147483647', '10'), ('945', '2147483647', '10'), ('946', '2147483647', '10'), ('947', '2147483647', '10'), ('948', '2147483647', '10'), ('949', '2147483647', '10'), ('950', '2147483647', '10'), ('951', '2147483647', '10'), ('952', '2147483647', '10'), ('953', '2147483647', '10'), ('954', '2147483647', '10'), ('955', '2147483647', '10'), ('956', '2147483647', '10'), ('957', '2147483647', '10'), ('958', '2147483647', '10'), ('959', '2147483647', '10'), ('960', '2147483647', '10'), ('961', '2147483647', '10'), ('962', '2147483647', '10'), ('963', '2147483647', '10'), ('964', '2147483647', '10'), ('965', '2147483647', '10'), ('966', '2147483647', '10'), ('967', '2147483647', '10'), ('968', '2147483647', '10'), ('969', '2147483647', '10'), ('970', '2147483647', '10'), ('971', '2147483647', '10'), ('972', '2147483647', '10'), ('973', '2147483647', '10'), ('974', '2147483647', '10'), ('975', '2147483647', '10'), ('976', '2147483647', '10'), ('977', '2147483647', '10'), ('978', '2147483647', '10'), ('979', '2147483647', '10'), ('980', '2147483647', '10'), ('981', '2147483647', '10'), ('982', '2147483647', '10'), ('983', '2147483647', '10'), ('984', '2147483647', '10'), ('985', '2147483647', '10'), ('986', '2147483647', '10'), ('987', '2147483647', '10'), ('988', '2147483647', '10'), ('989', '2147483647', '10'), ('990', '2147483647', '10'), ('991', '2147483647', '10'), ('992', '2147483647', '10'), ('993', '2147483647', '10'), ('994', '2147483647', '10'), ('995', '2147483647', '10'), ('996', '2147483647', '10'), ('997', '2147483647', '10'), ('998', '2147483647', '10'), ('999', '2147483647', '10'), ('1000', '2147483647', '10');
COMMIT;

-- ----------------------------
-- Table structure for table_scene_loot_equiplist
-- ----------------------------
DROP TABLE IF EXISTS `table_scene_loot_equiplist`;
CREATE TABLE `table_scene_loot_equiplist` (
`sceneid`  int(3) NOT NULL ,
`equiplistid`  int(4) NULL DEFAULT NULL ,
`big_luck_num`  int(7) NULL DEFAULT NULL ,
`small_luck_num`  int(7) NULL DEFAULT NULL ,
`big_luck_id`  int(4) NULL DEFAULT NULL ,
`small_luck_id`  int(4) NULL DEFAULT NULL ,
PRIMARY KEY (`sceneid`)
)
ENGINE=InnoDB
DEFAULT CHARACTER SET=utf8 COLLATE=utf8_general_ci

;

-- ----------------------------
-- Records of table_scene_loot_equiplist
-- ----------------------------
BEGIN;
INSERT INTO `table_scene_loot_equiplist` VALUES ('0', '1', '10', '5', '7', '6'), ('1', '2', '10', '5', '7', '6'), ('2', '3', '10', '5', '7', '6'), ('3', '4', '10', '5', '7', '6'), ('4', '5', '10', '5', '7', '6'), ('5', '6', '10', '5', '7', '6'), ('6', '7', '10', '5', '7', '6');
COMMIT;

-- ----------------------------
-- Table structure for table_set_equipment
-- ----------------------------
DROP TABLE IF EXISTS `table_set_equipment`;
CREATE TABLE `table_set_equipment` (
`id`  int(4) NOT NULL ,
`partcount`  int(2) NULL DEFAULT NULL ,
`equip1`  int(5) NULL DEFAULT NULL ,
`equip2`  int(5) NULL DEFAULT NULL ,
`equip3`  int(5) NULL DEFAULT NULL ,
`equip4`  int(5) NULL DEFAULT NULL ,
`equip5`  int(5) NULL DEFAULT NULL ,
`equip6`  int(5) NULL DEFAULT NULL ,
`efftype1`  int(5) NULL DEFAULT NULL ,
`effvalue1`  int(5) NULL DEFAULT NULL ,
`efftype2`  int(5) NULL DEFAULT NULL ,
`effvalue2`  int(5) NULL DEFAULT NULL ,
`efftype3`  int(5) NULL DEFAULT NULL ,
`effvalue3`  int(5) NULL DEFAULT NULL ,
`skill1`  int(5) NULL DEFAULT NULL ,
`skill2`  int(5) NULL DEFAULT NULL ,
`bluerate`  varchar(5) CHARACTER SET utf8 COLLATE utf8_general_ci NULL DEFAULT NULL ,
`greenrate`  varchar(5) CHARACTER SET utf8 COLLATE utf8_general_ci NULL DEFAULT NULL ,
`violetrate`  varchar(5) CHARACTER SET utf8 COLLATE utf8_general_ci NULL DEFAULT NULL ,
`goldenrate`  varchar(5) CHARACTER SET utf8 COLLATE utf8_general_ci NULL DEFAULT NULL ,
PRIMARY KEY (`id`)
)
ENGINE=InnoDB
DEFAULT CHARACTER SET=utf8 COLLATE=utf8_general_ci

;

-- ----------------------------
-- Records of table_set_equipment
-- ----------------------------
BEGIN;
INSERT INTO `table_set_equipment` VALUES ('0', '6', '1000', '1001', '1002', '1003', '1004', '1005', '-1', '-1', '-1', '-1', '-1', '-1', '-1', '-1', '1.5', '1', '2', '3'), ('1', '2', '1006', '3000', '-1', '-1', '-1', '-1', '-1', '-1', '-1', '-1', '-1', '-1', '-1', '-1', '1.5', '1', '2', '3'), ('2', '6', '2000', '2001', '2002', '2003', '2004', '2005', '-1', '-1', '-1', '-1', '-1', '-1', '-1', '-1', '1.5', '1', '2', '3'), ('3', '2', '3001', '6004', '-1', '-1', '-1', '-1', '-1', '-1', '-1', '-1', '-1', '-1', '-1', '-1', '1.5', '1', '2', '3'), ('4', '2', '3003', '3005', '-1', '-1', '-1', '-1', '-1', '-1', '-1', '-1', '-1', '-1', '-1', '-1', '1.5', '1', '2', '3'), ('5', '2', '3004', '3006', '-1', '-1', '-1', '-1', '-1', '-1', '-1', '-1', '-1', '-1', '-1', '-1', '1.5', '1', '2', '3'), ('6', '6', '4000', '4001', '4002', '4003', '4004', '4005', '-1', '-1', '-1', '-1', '-1', '-1', '-1', '-1', '1.5', '1', '2', '3'), ('7', '3', '5000', '5001', '5002', '-1', '-1', '-1', '-1', '-1', '-1', '-1', '-1', '-1', '-1', '-1', '1.5', '1', '2', '3'), ('8', '4', '6000', '6001', '6002', '6003', '-1', '-1', '-1', '-1', '-1', '-1', '-1', '-1', '-1', '-1', '1.5', '1', '2', '3'), ('9', '6', '7000', '7001', '7002', '7003', '7004', '7005', '-1', '-1', '-1', '-1', '-1', '-1', '-1', '-1', '1.5', '1', '2', '3');
COMMIT;
